1063	Spongomonadida	Spongomonadidae	Spongomonas	Spongomonas_Species_NoHit	AY620252.1.1079_U	96.3
1068	Cercomonadida	Cercomonadidae	Cercomonadidae_Genus_NoHit	Cercomonadidae_Species_NoHit	JN207879.1.859_U	85.6
1053	Cercomonadida	Paracercomonadidae	Nucleocercomonas	Nucleocercomonas_Species_NoHit	HM536164.1.1797_U	91.6
110	Cercomonadida	Paracercomonadidae	Paracercomonas	Paracercomonas_Species_NoHit	FJ790724.1.1735_U	90.0
1038	Glissomonadida	Allapsidae	Allapsidae_Genus_NoHit	Allapsidae_Species_NoHit	AB695472.1.1770_U	98.4
1056	Cercomonadida	Cercomonadidae	Eocercomonas	Eocercomonas_Species_NoHit	AY884316.1.1132_U	95.0
1082	Euglyphida	Euglyphidae	Assulina	Assulina_seminulum	EF456749.1.1779_U	96.3
1040	Cryomonadida	Protaspa-lineage	Protaspa-lineage_Genus_NoHit	Protaspa-lineage_Species_NoHit	EU087251.1.909_U	87.9
1103	Euglyphida	Euglyphidae	Assulina	Assulina_seminulum	EF456749.1.1779_U	97.2
1052	Cercomonadida	Cercomonadidae	Cercomonas	Cercomonas_Species_NoHit	EF024499.1.1804_U	98.1
1066	Cryomonadida	Rhogostoma-lineage	Rhogostoma-lineage_Genus_NoHit	Rhogostoma-lineage_Species_NoHit	AY620295.1.1266_U	98.1
10	Cryomonadida	Rhogostoma-lineage	Rhogostoma-lineage_Genus_NoHit	Rhogostoma-lineage_Species_NoHit	EF023295.1.1806_U	96.9
1096	Cercomonadida	Paracercomonadidae	Paracercomonadidae_Genus_NoHit	Paracercomonadidae_Species_NoHit	FJ790724.1.1735_U	88.8
106	Glissomonadida	Sandonidae	Flectomonas	Flectomonas_ekelundi	HM536168.1.2166_U	99.7
1078	Glissomonadida	Sandonidae	Sandona	Sandona_Species_NoHit	EU709146.6.1494_U	100.0
108	Glissomonadida	Sandonidae	Sandonidae_Genus_NoHit	Sandonidae_Species_NoHit	EU091844.1.1488_U	97.5
1032	Glissomonadida	Sandonidae	Sandonidae_Genus_NoHit	Sandonidae_Species_NoHit	KC672531.1.1818_U	97.5
1058	Cercomonadida	Paracercomonadidae	Nucleocercomonas	Nucleocercomonas_praelonga	HM536164.1.1797_U	100.0
1051	Cercomonadida	Paracercomonadidae	Nucleocercomonas	Nucleocercomonas_Species_NoHit	HM536164.1.1797_U	91.0
1019	Cercomonadida	Paracercomonadidae	Paracercomonas	Paracercomonas_Species_NoHit	EF024693.1.1804_U	91.4
1031	Euglyphida	Trinematidae	Trinema	Trinema_lineare	EF456752.1.1788_U	99.1
104	Glissomonadida	Sandonidae	Sandona	Sandona_Species_NoHit	EU709147.8.1497_U	100.0
1009	Glissomonadida	Sandonidae	Sandonidae_Genus_NoHit	Sandonidae_Species_NoHit	EU709213.48.1481_U	98.4
1021	Glissomonadida	Sandonidae	Sandonidae_Genus_NoHit	Sandonidae_Species_NoHit	EU709197.52.1291_U	100.0
1018	Glissomonadida	Allapsidae	Allapsidae_Genus_NoHit	Allapsidae_Species_NoHit	EF024516.1.1813_U	96.0
1047	Cercomonadida	Cercomonadidae	Eocercomonas	Eocercomonas_Species_NoHit	HM536153.1.1996_U	100.0
1013	Glissomonadida	Glissomonadida_Family_NoHit	Glissomonadida_Genus_NoHit	Glissomonadida_Species_NoHit	KC672643.1.1832_U	92.9
1088	Glissomonadida	Sandonidae	Sandonidae_Genus_NoHit	Sandonidae_Species_NoHit	EU709206.8.1496_U	99.1
1098	Euglyphida	Trinematidae	Trinema	Trinema_lineare	EF456752.1.1788_U	99.1
1106	Glissomonadida	Allapsidae	Viridiraptor	Viridiraptor_invadens	KF207866.1.1706_U	97.5
1086	Cercomonadida	Cercomonadidae	Eocercomonas	Eocercomonas_Species_NoHit	EF023565.28.1858_U	98.8
1065	Glissomonadida	Sandonidae	Sandonidae_Genus_NoHit	Sandonidae_Species_NoHit	KC672607.1.1816_U	97.2
1043	Cercomonadida	Cercomonadidae	Cercomonas	Cercomonas_braziliensis	FJ790702.1.1748_U	99.1
1094	Glissomonadida	Sandonidae	Sandonidae_Genus_NoHit	Sandonidae_Species_NoHit	KC672607.1.1816_U	97.5
103	Glissomonadida	Sandonidae	Sandonidae_Genus_NoHit	Sandonidae_Species_NoHit	EU709208.1.1193_U	95.1
1001	Glissomonadida	Allapsidae	Allapsidae_Genus_NoHit	Allapsidae_Species_NoHit	EU709273.1.1186_U	93.6
1075	Glissomonadida	Sandonidae	Sandona	Sandona_Species_NoHit	EU709146.6.1494_U	98.1
105	Glissomonadida	Proleptomonadidae	Proleptomonas	Proleptomonas_faecicola	AF411275.1.1812_U	96.6
1069	Spongomonadida	Spongomonadidae	Spongomonas	Spongomonas_Species_NoHit	AY620252.1.1079_U	96.6
1087	Glissomonadida	Bodomorphidae	Bodomorpha	Bodomorpha_Species_NoHit	HM536172.1.2170_U	92.9
1042	Glissomonadida	Glissomonadida_Family_NoHit	Glissomonadida_Genus_NoHit	Glissomonadida_Species_NoHit	EU709271.1.1171_U	76.3
102	Glissomonadida	Sandonidae	Sandona	Sandona_Species_NoHit	EU709173.71.1479_U	100.0
1028	Limnofilida	Limnofilidae	Limnofilidae_Genus_NoHit	Limnofilidae_Species_NoHit	GQ330596.1.1479_U	92.4
1084	Glissomonadida	Glissomonadida_Family_NoHit	Glissomonadida_Genus_NoHit	Glissomonadida_Species_NoHit	AB695519.1.1774_U	95.1
1072	Euglyphida	Euglyphidae	Assulina	Assulina_seminulum	EF456749.1.1779_U	98.5
1080	Glissomonadida	Allapsidae	Allapsidae_Genus_NoHit	Allapsidae_Species_NoHit	EU709273.1.1186_U	92.3
1110	Glissomonadida	Allapsidae	Allapsidae_Genus_NoHit	Allapsidae_Species_NoHit	EU709251.1.955_U	83.9
1112	Euglyphida	Euglyphidae	Assulina	Assulina_seminulum	EF456749.1.1779_U	99.1
111	Limnofilida	Limnofilidae	Limnofilidae_Genus_NoHit	Limnofilidae_Species_NoHit	GQ330596.1.1479_U	96.6
1212	Tectofilosida	Pseudodifflugiidae	Pseudodifflugiidae_Genus_NoHit	Pseudodifflugiidae_Species_NoHit	GU479953.1.1472_U	86.3
1115	Euglyphida	Euglyphidae	Assulina	Assulina_seminulum	EF456749.1.1779_U	97.8
1238	Glissomonadida	Sandonidae	Sandona	Sandona_Species_NoHit	EU709144.4.1491_U	93.9
1189	Glissomonadida	Sandonidae	Sandonidae_Genus_NoHit	Sandonidae_Species_NoHit	EU709135.15.1494_U	94.3
1214	Cercomonadida	Paracercomonadidae	Paracercomonas	Paracercomonas_Species_NoHit	AY360709.1.862_U	96.9
1190	Cercomonadida	Cercomonadidae	Cercomonadidae_Genus_NoHit	Cercomonadidae_Species_NoHit	AY884316.1.1132_U	85.4
123	Glissomonadida	Allapsidae	Allapsidae_Genus_NoHit	Allapsidae_Species_NoHit	AB534349.1.1634_U	91.7
1151	Cercomonadida	Cercomonadidae	Cercomonas	Cercomonas_Species_NoHit	HM536149.1.1813_U	100.0
1140	Spongomonadida	Spongomonadidae	Spongomonas	Spongomonas_Species_NoHit	AY620252.1.1079_U	96.6
1148	Cercomonadida	Paracercomonadidae	Paracercomonas	Paracercomonas_compacta	EF024284.1.1806_U	98.7
1131	Euglyphida	Euglyphida_Family_NoHit	Euglyphida_Genus_NoHit	Euglyphida_Species_NoHit	AY620296.1.1266_U	87.9
112	Spongomonadida	Spongomonadidae	Spongomonas	Spongomonas_Species_NoHit	AY620252.1.1079_U	98.1
1147	Cercomonadida	Paracercomonadidae	Paracercomonadidae_Genus_NoHit	Paracercomonadidae_Species_NoHit	EF024617.1.1802_U	86.6
1119	Euglyphida	Euglyphida_Family_NoHit	Euglyphida_Genus_NoHit	Euglyphida_Species_NoHit	KF539409.1.1581_U	76.3
1122	Glissomonadida	Sandonidae	Sandonidae_Genus_NoHit	Sandonidae_Species_NoHit	EU709188.21.1290_U	98.8
116	Tectofilosida	Pseudodifflugiidae	Pseudodifflugiidae_Genus_NoHit	Pseudodifflugiidae_Species_NoHit	HQ696567.1.1266_U	87.4
1231	Spongomonadida	Spongomonadidae	Spongomonadidae_Genus_NoHit	Spongomonadidae_Species_NoHit	AY620252.1.1079_U	88.8
1187	Euglyphida	Trinematidae	Trinema	Trinema_lineare	EF456752.1.1788_U	100.0
1169	Order_NoHit	Family_NoHit	Genus_NoHit	Species_NoHit	KJ925320.1.1502_U	88.2
1175	Glissomonadida	Sandonidae	Sandonidae_Genus_NoHit	Sandonidae_Species_NoHit	AB534335.1.1626_U	97.8
1178	Glissomonadida	Allapsidae	Allapsidae_Genus_NoHit	Allapsidae_Species_NoHit	EU709273.1.1186_U	96.6
1149	Thaumatomonadida	Thaumatomonadida_Family_NoHit	Thaumatomonadida_Genus_NoHit	Thaumatomonadida_Species_NoHit	EF526961.1.1413_U	78.0
1248	Cryomonadida	Rhogostoma-lineage	Rhogostoma-lineage_Genus_NoHit	Rhogostoma-lineage_Species_NoHit	EF023295.1.1806_U	98.8
12	Cryomonadida	Rhogostoma-lineage	Rhogostoma-lineage_Genus_NoHit	Rhogostoma-lineage_Species_NoHit	EF023379.1.1804_U	95.4
115	Glissomonadida	Allapsidae	Allapsidae_Genus_NoHit	Allapsidae_Species_NoHit	EU709251.1.955_U	80.6
1176	Glissomonadida	Sandonidae	Sandona	Sandona_Species_NoHit	EU709146.6.1494_U	99.4
1211	Cryomonadida	Rhogostoma-lineage	Rhogostoma-lineage_Genus_NoHit	Rhogostoma-lineage_Species_NoHit	EU798722.1.1053_U	96.3
1218	Cercomonadida	Paracercomonadidae	Paracercomonas	Paracercomonas_Species_NoHit	EF024396.1.1859_U	94.4
118	Cryomonadida	Rhogostoma-lineage	Rhogostoma-lineage_Genus_NoHit	Rhogostoma-lineage_Species_NoHit	AY620295.1.1266_U	97.8
1245	Glissomonadida	Sandonidae	Sandonidae_Genus_NoHit	Sandonidae_Species_NoHit	EU709208.1.1193_U	95.7
1197	Glissomonadida	Allapsidae	Allapsidae_Genus_NoHit	Allapsidae_Species_NoHit	FJ592464.1.1095_U	96.6
1200	Cercomonadida	Paracercomonadidae	Paracercomonas	Paracercomonas_Species_NoHit	AY884337.1.1038_U	96.6
1196	Cryomonadida	Rhogostoma-lineage	Rhogostoma-lineage_Genus_NoHit	Rhogostoma-lineage_Species_NoHit	AY620295.1.1266_U	96.0
1205	Thaumatomonadida	Thaumatomonadidae	Thaumatomonas	Thaumatomonas_Species_NoHit	AY496046.1.1713_U	100.0
1182	Glissomonadida	Sandonidae	Sandonidae_Genus_NoHit	Sandonidae_Species_NoHit	EU709188.21.1290_U	99.4
1215	Cercomonadida	Paracercomonadidae	Metabolomonas	Metabolomonas_insania	HM536167.1.1774_U	95.0
1230	Cercomonadida	Cercomonadidae	Cercomonas	Cercomonas_Species_NoHit	FJ790705.1.1703_U	100.0
1219	Glissomonadida	Sandonidae	Sandonidae_Genus_NoHit	Sandonidae_Species_NoHit	EU709213.48.1481_U	97.2
1201	Glissomonadida	Allapsidae	Allapsidae_Genus_NoHit	Allapsidae_Species_NoHit	EU709273.1.1186_U	90.3
1232	Cercomonadida	Paracercomonadidae	Paracercomonas	Paracercomonas_Species_NoHit	AY360709.1.862_U	99.7
119	Cercomonadida	Cercomonadidae	Cercomonadidae_Genus_NoHit	Cercomonadidae_Species_NoHit	FJ790704.1.1622_U	83.8
1234	Glissomonadida	Allapsidae	Allapsidae_Genus_NoHit	Allapsidae_Species_NoHit	EF024516.1.1813_U	81.3
1235	Glissomonadida	Sandonidae	Sandonidae_Genus_NoHit	Sandonidae_Species_NoHit	EU709193.1.1278_U	96.6
124	Limnofilida	Limnofilidae	Limnofilidae_Genus_NoHit	Limnofilidae_Species_NoHit	DQ243993.1.1816_U	98.8
1220	Glissomonadida	Allapsidae	Allapsidae_Genus_NoHit	Allapsidae_Species_NoHit	AB695472.1.1770_U	92.3
1249	Glissomonadida	Sandonidae	Sandona	Sandona_Species_NoHit	EU709161.6.1494_U	99.1
125	Glissomonadida	Allapsidae	Allapsidae_Genus_NoHit	Allapsidae_Species_NoHit	AB695526.1.1759_U	94.4
130	Order_NoHit	Family_NoHit	Genus_NoHit	Species_NoHit	FJ153695.1.1217_U	79.7
1254	Euglyphida	Euglyphidae	Euglyphidae_Genus_NoHit	Euglyphidae_Species_NoHit	EF456754.1.1777_U	88.7
1252	Cryomonadida	Rhogostoma-lineage	Rhogostoma-lineage_Genus_NoHit	Rhogostoma-lineage_Species_NoHit	AY620295.1.1266_U	96.3
1361	Cryomonadida	Protaspa-lineage	Protaspa-lineage_Genus_NoHit	Protaspa-lineage_Species_NoHit	AY620323.1.1267_U	91.6
1379	Glissomonadida	Sandonidae	Sandonidae_Genus_NoHit	Sandonidae_Species_NoHit	FJ592291.1.1098_U	98.1
126	Glissomonadida	Sandonidae	Sandonidae_Genus_NoHit	Sandonidae_Species_NoHit	KC672531.1.1818_U	97.8
1274	Cercomonadida	Cercomonadidae	Eocercomonas	Eocercomonas_echina	FJ790716.1.1724_U	99.4
1257	Cryomonadida	Rhogostoma-lineage	Rhogostoma-lineage_Genus_NoHit	Rhogostoma-lineage_Species_NoHit	EF023295.1.1806_U	98.1
1279	Cercomonadida	Cercomonadidae	Cercomonadidae_Genus_NoHit	Cercomonadidae_Species_NoHit	FJ790747.1.837_U	99.7
128	Glissomonadida	Allapsidae	Allapsidae_Genus_NoHit	Allapsidae_Species_NoHit	EU709273.1.1186_U	90.8
1396	Euglyphida	Euglyphidae	Assulina	Assulina_Species_NoHit	EF456749.1.1779_U	94.1
1272	Glissomonadida	Proleptomonadidae	Proleptomonas	Proleptomonas_faecicola	AF411275.1.1812_U	96.0
1263	Cryomonadida	Rhogostoma-lineage	Rhogostoma-lineage_Genus_NoHit	Rhogostoma-lineage_Species_NoHit	EF023379.1.1804_U	96.6
1277	Glissomonadida	Allapsidae	Allapsidae_Genus_NoHit	Allapsidae_Species_NoHit	EU709251.1.955_U	80.3
1313	Glissomonadida	Glissomonadida_Family_NoHit	Glissomonadida_Genus_NoHit	Glissomonadida_Species_NoHit	AB695519.1.1774_U	97.8
1324	Glissomonadida	Sandonidae	Sandonidae_Genus_NoHit	Sandonidae_Species_NoHit	JN207855.1.856_U	97.8
1255	Cercomonadida	Cercomonadidae	Cercomonas	Cercomonas_Species_NoHit	EF023578.1.1807_U	94.5
13	Glissomonadida	Sandonidae	Sandonidae_Genus_NoHit	Sandonidae_Species_NoHit	KC672531.1.1818_U	99.4
1346	Cryomonadida	Rhogostoma-lineage	Rhogostoma-lineage_Genus_NoHit	Rhogostoma-lineage_Species_NoHit	AY620295.1.1266_U	98.4
1336	Cercomonadida	Paracercomonadidae	Paracercomonas	Paracercomonas_Species_NoHit	AY884339.1.1062_U	92.5
1280	Glissomonadida	Allapsidae	Allapsidae_Genus_NoHit	Allapsidae_Species_NoHit	EU709251.1.955_U	89.9
1281	Spongomonadida	Spongomonadidae	Spongomonas	Spongomonas_Species_NoHit	AY620252.1.1079_U	96.6
1295	Glissomonadida	Allapsidae	Allapsidae_Genus_NoHit	Allapsidae_Species_NoHit	EU709273.1.1186_U	86.1
131	Cercomonadida	Cercomonadidae	Cercomonas	Cercomonas_Species_NoHit	AY884325.1.1079_U	94.0
136	Glissomonadida	Sandonidae	Sandonidae_Genus_NoHit	Sandonidae_Species_NoHit	EU709213.48.1481_U	100.0
1341	Euglyphida	Euglyphida_Family_NoHit	Euglyphida_Genus_NoHit	Euglyphida_Species_NoHit	AY620296.1.1266_U	87.3
132	Cercomonadida	Cercomonadidae	Cercomonas	Cercomonas_braziliensis	FJ790702.1.1748_U	98.4
1316	Glissomonadida	Allapsidae	Allapsidae_Genus_NoHit	Allapsidae_Species_NoHit	AB695472.1.1770_U	91.6
1345	Glissomonadida	Sandonidae	Sandona	Sandona_Species_NoHit	EU709146.6.1494_U	97.8
1369	Spongomonadida	Spongomonadidae	Spongomonas	Spongomonas_Species_NoHit	AY620252.1.1079_U	98.8
1330	Cercomonadida	Cercomonadidae	Neocercomonas	Neocercomonas_jutlandica	AY496048.1.1352_U	99.4
1360	Cryomonadida	Rhogostoma-lineage	Rhogostoma-lineage_Genus_NoHit	Rhogostoma-lineage_Species_NoHit	AY620264.1.1260_U	99.1
1363	Euglyphida	Euglyphidae	Trachelocorythion	Trachelocorythion_pulchellum	AJ418789.1.1814_U	97.5
133	Cercomonadida	Paracercomonadidae	Paracercomonadidae_Genus_NoHit	Paracercomonadidae_Species_NoHit	FJ790724.1.1735_U	89.4
1364	Cryomonadida	Rhogostoma-lineage	Rhogostoma-lineage_Genus_NoHit	Rhogostoma-lineage_Species_NoHit	EF023295.1.1806_U	96.6
137	Euglyphida	Euglyphida_Family_NoHit	Euglyphida_Genus_NoHit	Euglyphida_Species_NoHit	AY620296.1.1266_U	86.8
1307	Limnofilida	Limnofilidae	Limnofilidae_Genus_NoHit	Limnofilidae_Species_NoHit	AY620270.1.1262_U	95.7
1315	Limnofilida	Limnofilidae	Limnofila	Limnofila_anglica	EU567255.1.1670_U	100.0
1371	Cercomonadida	Cercomonadidae	Cercomonadidae_Genus_NoHit	Cercomonadidae_Species_NoHit	HM536153.1.1996_U	88.3
1377	Cercomonadida	Cercomonadidae	Cercomonas	Cercomonas_Species_NoHit	AB695470.1.1770_U	98.1
1394	Glissomonadida	Sandonidae	Sandona	Sandona_Species_NoHit	EU709174.15.1480_U	98.8
1383	Glissomonadida	Glissomonadida_Family_NoHit	Glissomonadida_Genus_NoHit	Glissomonadida_Species_NoHit	KC672643.1.1832_U	90.8
139	Cercomonadida	Cercomonadidae	Cercomonas	Cercomonas_Species_NoHit	HM536146.1.1810_U	99.4
1358	Glissomonadida	Sandonidae	Sandonidae_Genus_NoHit	Sandonidae_Species_NoHit	EU709193.1.1278_U	98.8
1374	Order_NoHit	Family_NoHit	Genus_NoHit	Species_NoHit	AB534506.1.1632_U	85.2
140	Cryomonadida	Rhogostoma-lineage	Rhogostoma-lineage_Genus_NoHit	Rhogostoma-lineage_Species_NoHit	EF023295.1.1806_U	98.1
1403	Cryomonadida	Rhogostoma-lineage	Capsellina	Capsellina_Species_NoHit	AY082998.1.1818_U	98.8
1434	Cercomonadida	Cercomonadidae	Cercomonas	Cercomonas_longicauda	FJ790680.1.1379_U	99.4
1407	Glissomonadida	Allapsidae	Allapsidae_Genus_NoHit	Allapsidae_Species_NoHit	EU709251.1.955_U	80.3
1414	Cercomonadida	Cercomonadidae	Cercomonas	Cercomonas_Species_NoHit	FJ790710.1.1689_U	90.1
145	Cryomonadida	Rhogostoma-lineage	Rhogostoma-lineage_Genus_NoHit	Rhogostoma-lineage_Species_NoHit	EF023295.1.1806_U	97.2
1441	Euglyphida	Euglyphida_Family_NoHit	Euglyphida_Genus_NoHit	Euglyphida_Species_NoHit	AY620296.1.1266_U	88.5
1410	Glissomonadida	Sandonidae	Sandonidae_Genus_NoHit	Sandonidae_Species_NoHit	EU709209.1.1172_U	96.3
142	Glissomonadida	Sandonidae	Sandonidae_Genus_NoHit	Sandonidae_Species_NoHit	KC672607.1.1816_U	98.8
1417	Order_NoHit	Family_NoHit	Genus_NoHit	Species_NoHit	EF024026.1.1804_U	94.7
1462	Glissomonadida	Sandonidae	Sandona	Sandona_Species_NoHit	EU709136.1.1164_U	99.1
143	Cercomonadida	Cercomonadidae	Cercomonas	Cercomonas_Species_NoHit	AY884334.1.1069_U	98.1
171	Cercomonadida	Cercomonadidae	Cercomonas	Cercomonas_longicauda	FJ790680.1.1379_U	100.0
1470	Euglyphida	Euglyphidae	Assulina	Assulina_Species_NoHit	EF456749.1.1779_U	94.4
1485	Glissomonadida	Allapsidae	Allapsidae_Genus_NoHit	Allapsidae_Species_NoHit	AAYJ01000086.1.1804_U	84.1
1438	Glissomonadida	Sandonidae	Sandonidae_Genus_NoHit	Sandonidae_Species_NoHit	KC672531.1.1818_U	98.1
144	Euglyphida	Euglyphidae	Euglyphidae_Genus_NoHit	Euglyphidae_Species_NoHit	EF456753.1.1777_U	89.2
1449	Euglyphida	Euglyphidae	Assulina	Assulina_seminulum	EF456749.1.1779_U	98.8
1445	Cryomonadida	Rhogostoma-lineage	Rhogostoma-lineage_Genus_NoHit	Rhogostoma-lineage_Species_NoHit	EF023379.1.1804_U	94.4
1481	Cercomonadida	Cercomonadidae	Cercomonas	Cercomonas_Species_NoHit	FJ790710.1.1689_U	94.1
154	Cercomonadida	Cercomonadidae	Cercomonas	Cercomonas_Species_NoHit	HM536149.1.1813_U	98.8
1453	Glissomonadida	Sandonidae	Sandonidae_Genus_NoHit	Sandonidae_Species_NoHit	JN207855.1.856_U	98.4
148	Glissomonadida	Sandonidae	Sandonidae_Genus_NoHit	Sandonidae_Species_NoHit	EU709188.21.1290_U	99.7
146	Cercomonadida	Cercomonadidae	Cercomonas	Cercomonas_plasmodialis	AF411268.1.1814_U	98.1
170	Cercomonadida	Paracercomonadidae	Paracercomonas	Paracercomonas_producta	FJ790721.1.1734_U	100.0
1463	Cercomonadida	Cercomonadida_Family_NoHit	Cercomonadida_Genus_NoHit	Cercomonadida_Species_NoHit	FJ790709.1.1729_U	74.8
151	Glissomonadida	Sandonidae	Sandonidae_Genus_NoHit	Sandonidae_Species_NoHit	FJ592249.1.1097_U	98.4
1496	Glissomonadida	Glissomonadida_Family_NoHit	Glissomonadida_Genus_NoHit	Glissomonadida_Species_NoHit	AB695519.1.1774_U	97.8
1460	Order_NoHit	Family_NoHit	Genus_NoHit	Species_NoHit	AB534506.1.1632_U	83.8
166	Cercomonadida	Cercomonadidae	Cercomonas	Cercomonas_celer	FJ790710.1.1689_U	98.8
153	Glissomonadida	Sandonidae	Sandonidae_Genus_NoHit	Sandonidae_Species_NoHit	EU709208.1.1193_U	97.8
162	Glissomonadida	Sandonidae	Sandonidae_Genus_NoHit	Sandonidae_Species_NoHit	EU709193.1.1278_U	98.4
1447	Glissomonadida	Glissomonadida_Family_NoHit	Glissomonadida_Genus_NoHit	Glissomonadida_Species_NoHit	EU709251.1.955_U	78.7
1475	Glissomonadida	Sandonidae	Sandonidae_Genus_NoHit	Sandonidae_Species_NoHit	KC672607.1.1816_U	98.4
1471	Cercomonadida	Cercomonadidae	Cercomonas	Cercomonas_Species_NoHit	AY884334.1.1069_U	92.2
1487	Cercomonadida	Paracercomonadidae	Paracercomonas	Paracercomonas_Species_NoHit	EF024617.1.1802_U	92.2
1454	Thaumatomonadida	Thaumatomonadida_Family_NoHit	Thaumatomonadida_Genus_NoHit	Thaumatomonadida_Species_NoHit	DQ369017.1.1820_U	80.1
161	Glissomonadida	Sandonidae	Sandonidae_Genus_NoHit	Sandonidae_Species_NoHit	KC672607.1.1816_U	98.4
1486	Euglyphida	Euglyphida_Family_NoHit	Euglyphida_Genus_NoHit	Euglyphida_Species_NoHit	AY620296.1.1266_U	83.3
155	Euglyphida	Trinematidae	Trinema	Trinema_enchelys	AJ418792.1.1818_U	97.8
150	Glissomonadida	Allapsidae	Allapsidae_Genus_NoHit	Allapsidae_Species_NoHit	EU709273.1.1186_U	86.8
157	Glissomonadida	Allapsidae	Allapsidae_Genus_NoHit	Allapsidae_Species_NoHit	AB534349.1.1634_U	98.2
16	Euglyphida	Euglyphidae	Euglypha	Euglypha_rotunda	AJ418784.1.1789_U	97.8
163	Spongomonadida	Spongomonadidae	Spongomonas	Spongomonas_Species_NoHit	AY620252.1.1079_U	97.2
168	Euglyphida	Euglyphida_Family_NoHit	Euglyphida_Genus_NoHit	Euglyphida_Species_NoHit	AY620296.1.1266_U	86.2
169	Glissomonadida	Sandonidae	Sandona	Sandona_aporians	AY965867.1.2038_U	100.0
167	Glissomonadida	Glissomonadida_Family_NoHit	Glissomonadida_Genus_NoHit	Glissomonadida_Species_NoHit	JN054696.1.1531_U	77.6
172	Glissomonadida	Sandonidae	Sandonidae_Genus_NoHit	Sandonidae_Species_NoHit	FJ592326.1.1098_U	99.1
189	Cercomonadida	Cercomonadidae	Cercomonas	Cercomonas_Species_NoHit	FJ790691.1.1739_U	94.7
174	Glissomonadida	Sandonidae	Sandona	Sandona_Species_NoHit	EU709146.6.1494_U	99.4
180	Spongomonadida	Spongomonadidae	Spongomonas	Spongomonas_Species_NoHit	AY620252.1.1079_U	96.9
176	Glissomonadida	Sandonidae	Sandonidae_Genus_NoHit	Sandonidae_Species_NoHit	EU709200.1.1282_U	97.5
177	Glissomonadida	Sandonidae	Mollimonas	Mollimonas_vickermani	HQ918173.1.2261_U	96.9
178	Glissomonadida	Allapsidae	Allapsidae_Genus_NoHit	Allapsidae_Species_NoHit	EF023139.1.1807_U	93.5
182	Glissomonadida	Sandonidae	Sandonidae_Genus_NoHit	Sandonidae_Species_NoHit	EU709213.48.1481_U	98.4
19	Euglyphida	Trinematidae	Corythion	Corythion_dubium	EF456751.1.1642_U	100.0
184	Glissomonadida	Allapsidae	Allapsidae_Genus_NoHit	Allapsidae_Species_NoHit	EU709273.1.1186_U	87.7
187	Cercomonadida	Paracercomonadidae	Paracercomonadidae_Genus_NoHit	Paracercomonadidae_Species_NoHit	FJ790724.1.1735_U	89.1
200	Glissomonadida	Allapsidae	Allapsidae_Genus_NoHit	Allapsidae_Species_NoHit	FJ592346.1.1097_U	99.4
202	Glissomonadida	Sandonidae	Sandona	Sandona_Species_NoHit	EU709146.6.1494_U	98.8
203	Glissomonadida	Sandonidae	Sandonidae_Genus_NoHit	Sandonidae_Species_NoHit	EU709213.48.1481_U	97.2
192	Glissomonadida	Sandonidae	Sandonidae_Genus_NoHit	Sandonidae_Species_NoHit	EU709209.1.1172_U	98.8
197	Glissomonadida	Proleptomonadidae	Proleptomonas	Proleptomonas_faecicola	AF411275.1.1812_U	100.0
198	Cryomonadida	Rhogostoma-lineage	Rhogostoma-lineage_Genus_NoHit	Rhogostoma-lineage_Species_NoHit	EF023295.1.1806_U	99.1
267	Thaumatomonadida	Thaumatomonadida_Family_NoHit	Thaumatomonadida_Genus_NoHit	Thaumatomonadida_Species_NoHit	AY620310.1.1267_U	91.6
212	Glissomonadida	Allapsidae	Allapsidae_Genus_NoHit	Allapsidae_Species_NoHit	EU709251.1.955_U	84.7
20	Cercomonadida	Paracercomonadidae	Paracercomonas	Paracercomonas_Species_NoHit	AY884340.1.1061_U	92.8
196	Euglyphida	Trinematidae	Trinematidae_Genus_NoHit	Trinematidae_Species_NoHit	EF023332.1.1803_U	97.2
23	Glissomonadida	Sandonidae	Sandona	Sandona_Species_NoHit	EU709152.6.1488_U	99.7
2	Euglyphida	Euglyphidae	Assulina	Assulina_seminulum	EF456749.1.1779_U	99.7
215	Cercomonadida	Paracercomonadidae	Paracercomonadidae_Genus_NoHit	Paracercomonadidae_Species_NoHit	EF024617.1.1802_U	86.6
216	Glissomonadida	Sandonidae	Sandonidae_Genus_NoHit	Sandonidae_Species_NoHit	FJ592326.1.1098_U	98.4
208	Glissomonadida	Glissomonadida_Family_NoHit	Glissomonadida_Genus_NoHit	Glissomonadida_Species_NoHit	KC672643.1.1832_U	81.7
214	Glissomonadida	Allapsidae	Allapsidae_Genus_NoHit	Allapsidae_Species_NoHit	AB695472.1.1770_U	93.5
231	Cercomonadida	Cercomonadidae	Cercomonas	Cercomonas_Species_NoHit	AY884320.1.1120_U	98.4
225	Glissomonadida	Sandonidae	Sandonidae_Genus_NoHit	Sandonidae_Species_NoHit	EU709193.1.1278_U	98.1
22	Spongomonadida	Spongomonadidae	Spongomonas	Spongomonas_Species_NoHit	AY620252.1.1079_U	96.3
226	Glissomonadida	Sandonidae	Sandona	Sandona_Species_NoHit	EU709150.1.1179_U	97.2
232	Thaumatomonadida	Thaumatomonadidae	Thaumatomonas	Thaumatomonas_Species_NoHit	EF023494.1.1811_U	99.1
230	Glissomonadida	Allapsidae	Group-Te	Group-Te_Species_NoHit	AJ506007.1.1606_U	98.5
233	Ebriida	Ebriida_Family_NoHit	Ebriida_Genus_NoHit	Ebriida_Species_NoHit	AY885055.1.1310_U	75.1
235	Order_NoHit	Family_NoHit	Genus_NoHit	Species_NoHit	AY620297.1.1253_U	98.5
238	Euglyphida	Euglyphidae	Euglypha	Euglypha_rotunda	AJ418783.1.1790_U	98.1
234	Order_NoHit	Family_NoHit	Genus_NoHit	Species_NoHit	FN690363.1.1720_U	79.6
241	Glissomonadida	Allapsidae	Allapsidae_Genus_NoHit	Allapsidae_Species_NoHit	FJ592464.1.1095_U	98.8
25	Spongomonadida	Spongomonadidae	Spongomonas	Spongomonas_Species_NoHit	AY620252.1.1079_U	97.2
250	Glissomonadida	Allapsidae	Allapsidae_Genus_NoHit	Allapsidae_Species_NoHit	AB534349.1.1634_U	94.8
248	Glissomonadida	Sandonidae	Sandonidae_Genus_NoHit	Sandonidae_Species_NoHit	KC672531.1.1818_U	98.5
24	Thaumatomonadida	Thaumatomonadida_Family_NoHit	Thaumatomonadida_Genus_NoHit	Thaumatomonadida_Species_NoHit	FN690393.1.1711_U	77.6
253	Glissomonadida	Sandonidae	Sandona	Sandona_aporians	AY965867.1.2038_U	97.5
252	Glissomonadida	Allapsidae	Allapsidae_Genus_NoHit	Allapsidae_Species_NoHit	AB695526.1.1759_U	99.1
255	Glissomonadida	Glissomonadida_Family_NoHit	Glissomonadida_Genus_NoHit	Glissomonadida_Species_NoHit	AB695519.1.1774_U	99.4
26	Cercomonadida	Paracercomonadidae	Paracercomonadidae_Genus_NoHit	Paracercomonadidae_Species_NoHit	FJ790724.1.1735_U	88.8
257	Glissomonadida	Sandonidae	Sandonidae_Genus_NoHit	Sandonidae_Species_NoHit	EU709208.1.1193_U	97.2
264	Glissomonadida	Allapsidae	Allapsidae_Genus_NoHit	Allapsidae_Species_NoHit	FJ592464.1.1095_U	97.8
268	Glissomonadida	Allapsidae	Allapsidae_Genus_NoHit	Allapsidae_Species_NoHit	AB534329.1.1636_U	94.8
292	Glissomonadida	Sandonidae	Sandona	Sandona_Species_NoHit	EU709146.6.1494_U	97.5
27	Glissomonadida	Allapsidae	Allapsidae_Genus_NoHit	Allapsidae_Species_NoHit	EU709266.1.1570_U	99.1
28	Cryomonadida	Rhogostoma-lineage	Rhogostoma-lineage_Genus_NoHit	Rhogostoma-lineage_Species_NoHit	EF023295.1.1806_U	98.5
271	Glissomonadida	Sandonidae	Sandonidae_Genus_NoHit	Sandonidae_Species_NoHit	AM114804.1.2264_U	98.4
275	Glissomonadida	Allapsidae	Allapsidae_Genus_NoHit	Allapsidae_Species_NoHit	EU709273.1.1186_U	90.5
280	Glissomonadida	Allapsidae	Allapsidae_Genus_NoHit	Allapsidae_Species_NoHit	EU709273.1.1186_U	96.3
283	Glissomonadida	Glissomonadida_Family_NoHit	Glissomonadida_Genus_NoHit	Glissomonadida_Species_NoHit	KC672643.1.1832_U	91.1
277	Glissomonadida	Allapsidae	Allapsidae_Genus_NoHit	Allapsidae_Species_NoHit	EU709273.1.1186_U	92.3
279	Glissomonadida	Glissomonadida_Family_NoHit	Glissomonadida_Genus_NoHit	Glissomonadida_Species_NoHit	AY360723.1.813_U	99.7
288	Cryomonadida	Rhogostoma-lineage	Rhogostoma-lineage_Genus_NoHit	Rhogostoma-lineage_Species_NoHit	EF023895.1.1551_U	93.8
311	Glissomonadida	Bodomorphidae	Bodomorpha	Bodomorpha_Species_NoHit	EU647174.1.1581_U	96.6
298	Cercomonadida	Cercomonadidae	Eocercomonas	Eocercomonas_Species_NoHit	EF023565.28.1858_U	99.7
285	Cercomonadida	Paracercomonadidae	Paracercomonas	Paracercomonas_Species_NoHit	EF024396.1.1859_U	91.6
286	Euglyphida	Euglyphidae	Assulina	Assulina_seminulum	EF456749.1.1779_U	98.8
29	Glissomonadida	Glissomonadida_Family_NoHit	Glissomonadida_Genus_NoHit	Glissomonadida_Species_NoHit	EU709271.1.1171_U	74.3
289	Glissomonadida	Allapsidae	Allapsidae_Genus_NoHit	Allapsidae_Species_NoHit	FJ592464.1.1095_U	96.9
293	Glissomonadida	Allapsidae	Allapsidae_Genus_NoHit	Allapsidae_Species_NoHit	EF023139.1.1807_U	92.9
291	Glissomonadida	Sandonidae	Sandona	Sandona_Species_NoHit	EU709144.4.1491_U	95.1
295	Cercomonadida	Cercomonadidae	Eocercomonas	Eocercomonas_ramosa	AY884327.1.1071_U	100.0
294	Glissomonadida	Sandonidae	Sandonidae_Genus_NoHit	Sandonidae_Species_NoHit	EU709193.1.1278_U	99.1
318	Cercomonadida	Paracercomonadidae	Paracercomonadidae_Genus_NoHit	Paracercomonadidae_Species_NoHit	EF024284.1.1806_U	89.3
299	Cercomonadida	Paracercomonadidae	Paracercomonas	Paracercomonas_Species_NoHit	EF024396.1.1859_U	92.8
309	Cercomonadida	Paracercomonadidae	Paracercomonas	Paracercomonas_Species_NoHit	AY360709.1.862_U	94.7
302	Limnofilida	Limnofilidae	Limnofila	Limnofila_anglica	EU567255.1.1670_U	96.3
313	Glissomonadida	Allapsidae	Allapsidae_Genus_NoHit	Allapsidae_Species_NoHit	EU709273.1.1186_U	94.3
308	Glissomonadida	Allapsidae	Allantion	Allantion_Species_NoHit	EF023859.1.1817_U	100.0
304	Glissomonadida	Allapsidae	Allapsidae_Genus_NoHit	Allapsidae_Species_NoHit	AB695472.1.1770_U	96.0
305	Tectofilosida	Tectofilosida_Family_NoHit	Tectofilosida_Genus_NoHit	Tectofilosida_Species_NoHit	GU479953.1.1472_U	74.2
327	Thaumatomonadida	Peregriniidae	Peregrinia	Peregrinia_Species_NoHit	EF023480.1.1801_U	98.8
31	Glissomonadida	Sandonidae	Sandonidae_Genus_NoHit	Sandonidae_Species_NoHit	KC671355.1.1786_U	97.6
340	Glissomonadida	Allapsidae	Allapsidae_Genus_NoHit	Allapsidae_Species_NoHit	FJ592346.1.1097_U	95.7
324	Glissomonadida	Sandonidae	Sandonidae_Genus_NoHit	Sandonidae_Species_NoHit	EU091827.1.1459_U	99.1
322	Glissomonadida	Allapsidae	Allapsidae_Genus_NoHit	Allapsidae_Species_NoHit	AB695472.1.1770_U	94.4
339	Glissomonadida	Sandonidae	Sandona	Sandona_Species_NoHit	EU709152.6.1488_U	98.4
32	Spongomonadida	Spongomonadidae	Spongomonas	Spongomonas_Species_NoHit	AY620252.1.1079_U	96.9
33	Cercomonadida	Cercomonadidae	Cercomonas	Cercomonas_Species_NoHit	AY884325.1.1079_U	100.0
329	Order_NoHit	Novel-Gran-6	Novel-Gran-6_Genus_NoHit	Novel-Gran-6_Species_NoHit	AY620300.1.1271_U	94.2
314	Tectofilosida	Pseudodifflugiidae	Pseudodifflugiidae_Genus_NoHit	Pseudodifflugiidae_Species_NoHit	GU479953.1.1472_U	86.3
333	Glissomonadida	Glissomonadida_Family_NoHit	Glissomonadida_Genus_NoHit	Glissomonadida_Species_NoHit	KC672643.1.1832_U	82.3
343	Spongomonadida	Spongomonadidae	Spongomonadidae_Genus_NoHit	Spongomonadidae_Species_NoHit	AY620252.1.1079_U	89.4
335	Order_NoHit	Family_NoHit	Genus_NoHit	Species_NoHit	KJ925320.1.1502_U	83.0
341	Glissomonadida	Sandonidae	Sandonidae_Genus_NoHit	Sandonidae_Species_NoHit	AM114804.1.2264_U	97.2
344	Cryomonadida	Rhogostoma-lineage	Rhogostoma-lineage_Genus_NoHit	Rhogostoma-lineage_Species_NoHit	EF023295.1.1806_U	98.8
342	Glissomonadida	Sandonidae	Sandona	Sandona_Species_NoHit	EU709136.1.1164_U	94.5
346	Glissomonadida	Sandonidae	Sandonidae_Genus_NoHit	Sandonidae_Species_NoHit	EU709193.1.1278_U	99.1
349	Novel-clade-9	Novel-clade-9_Family_NoHit	Novel-clade-9_Genus_NoHit	Novel-clade-9_Species_NoHit	EU567272.1.1128_U	87.1
352	Euglyphida	Euglyphida_Family_NoHit	Euglyphida_Genus_NoHit	Euglyphida_Species_NoHit	AY620283.1.1263_U	80.8
35	Glissomonadida	Bodomorphidae	Bodomorpha	Bodomorpha_Species_NoHit	HM536172.1.2170_U	97.5
351	Cryomonadida	Protaspa-lineage	Protaspa-lineage_Genus_NoHit	Protaspa-lineage_Species_NoHit	AY620323.1.1267_U	91.6
360	Glissomonadida	Proleptomonadidae	Proleptomonas	Proleptomonas_faecicola	AF411275.1.1812_U	98.4
357	Glissomonadida	Sandonidae	Sandonidae_Genus_NoHit	Sandonidae_Species_NoHit	KC672531.1.1818_U	97.2
359	Euglyphida	Euglyphidae	Euglypha	Euglypha_Species_NoHit	EF456753.1.1777_U	90.4
370	Cercomonadida	Paracercomonadidae	Paracercomonas	Paracercomonas_Species_NoHit	AY884340.1.1061_U	92.5
36	Cercomonadida	Cercomonadidae	Cercomonas	Cercomonas_plasmodialis	AF411268.1.1814_U	99.7
362	Glissomonadida	Allapsidae	Allapsidae_Genus_NoHit	Allapsidae_Species_NoHit	AB695472.1.1770_U	89.5
411	Cercomonadida	Paracercomonadidae	Nucleocercomonas	Nucleocercomonas_Species_NoHit	HM536164.1.1797_U	91.6
365	Glissomonadida	Sandonidae	Sandona	Sandona_Species_NoHit	EU709146.6.1494_U	98.4
363	Thaumatomonadida	Peregriniidae	Peregrinia	Peregrinia_clavideferens	DQ211593.1.1799_U	95.8
376	Cercomonadida	Cercomonadidae	Eocercomonas	Eocercomonas_Species_NoHit	HM536154.1.1784_U	100.0
372	Cercomonadida	Cercomonadidae	Cercomonas	Cercomonas_Species_NoHit	AY620339.1.1263_U	100.0
381	Glissomonadida	Glissomonadida_Family_NoHit	Glissomonadida_Genus_NoHit	Glissomonadida_Species_NoHit	KC672643.1.1832_U	89.6
375	Glissomonadida	Sandonidae	Sandonidae_Genus_NoHit	Sandonidae_Species_NoHit	EU709189.46.1479_U	100.0
358	Glissomonadida	Allapsidae	Allapsidae_Genus_NoHit	Allapsidae_Species_NoHit	FJ592464.1.1095_U	96.9
369	Glissomonadida	Sandonidae	Sandonidae_Genus_NoHit	Sandonidae_Species_NoHit	EU709202.1.1182_U	99.7
426	Euglyphida	Euglyphida_Family_NoHit	Euglyphida_Genus_NoHit	Euglyphida_Species_NoHit	AY620296.1.1266_U	96.0
380	Euglyphida	Euglyphidae	Assulina	Assulina_seminulum	EF456749.1.1779_U	96.6
383	Cercomonadida	Paracercomonadidae	Paracercomonas	Paracercomonas_compacta	EF024284.1.1806_U	100.0
373	Glissomonadida	Allapsidae	Allapsidae_Genus_NoHit	Allapsidae_Species_NoHit	EU709273.1.1186_U	95.1
385	Glissomonadida	Allapsidae	Allapsidae_Genus_NoHit	Allapsidae_Species_NoHit	AB695472.1.1770_U	92.0
393	Glissomonadida	Sandonidae	Mollimonas	Mollimonas_vickermani	HQ918173.1.2261_U	96.3
396	Euglyphida	Trinematidae	Trinema	Trinema_enchelys	AJ418792.1.1818_U	99.1
404	Cercomonadida	Paracercomonadidae	Paracercomonas	Paracercomonas_Species_NoHit	AY884337.1.1038_U	96.6
389	Thaumatomonadida	Peregriniidae	Peregrinia	Peregrinia_Species_NoHit	EF023480.1.1801_U	94.7
419	Euglyphida	Euglyphidae	Euglyphidae_Genus_NoHit	Euglyphidae_Species_NoHit	EF456754.1.1777_U	89.8
403	Glissomonadida	Sandonidae	Sandonidae_Genus_NoHit	Sandonidae_Species_NoHit	EU709193.1.1278_U	98.1
405	Glissomonadida	Glissomonadida_Family_NoHit	Glissomonadida_Genus_NoHit	Glissomonadida_Species_NoHit	EU709266.1.1570_U	74.9
407	Euglyphida	Euglyphida_Family_NoHit	Euglyphida_Genus_NoHit	Euglyphida_Species_NoHit	AY620283.1.1263_U	99.4
400	Pansomonadida	Agitatidae	Agitata	Agitata_tremulans	AY748806.1.1717_U	97.3
420	Euglyphida	Euglyphidae	Assulina	Assulina_seminulum	EF456749.1.1779_U	97.2
42	Thaumatomonadida	Peregriniidae	Peregrinia	Peregrinia_Species_NoHit	EF023480.1.1801_U	98.1
418	Cercomonadida	Cercomonadidae	Cercomonas	Cercomonas_braziliensis	FJ790702.1.1748_U	97.5
416	Cryomonadida	Rhogostoma-lineage	Rhogostoma-lineage_Genus_NoHit	Rhogostoma-lineage_Species_NoHit	EF023895.1.1551_U	96.0
423	Glissomonadida	Sandonidae	Sandonidae_Genus_NoHit	Sandonidae_Species_NoHit	EU709209.1.1172_U	95.0
421	Cercomonadida	Paracercomonadidae	Paracercomonas	Paracercomonas_Species_NoHit	EF024617.1.1802_U	91.6
424	Cryomonadida	Rhogostoma-lineage	Rhogostoma-lineage_Genus_NoHit	Rhogostoma-lineage_Species_NoHit	EF023379.1.1804_U	93.8
413	Glissomonadida	Glissomonadida_Family_NoHit	Glissomonadida_Genus_NoHit	Glissomonadida_Species_NoHit	JN054696.1.1531_U	77.4
427	Glissomonadida	Sandonidae	Sandonidae_Genus_NoHit	Sandonidae_Species_NoHit	EU709159.1.1290_U	99.7
43	Spongomonadida	Spongomonadidae	Spongomonadidae_Genus_NoHit	Spongomonadidae_Species_NoHit	AY620252.1.1079_U	89.4
428	Glissomonadida	Sandonidae	Sandonidae_Genus_NoHit	Sandonidae_Species_NoHit	EU709213.48.1481_U	96.6
431	Cercomonadida	Cercomonadidae	Neocercomonas	Neocercomonas_jutlandica	AY496048.1.1352_U	100.0
433	Glissomonadida	Sandonidae	Flectomonas	Flectomonas_ekelundi	HM536168.1.2166_U	98.1
435	Order_NoHit	Novel-clade-3	Novel-clade-3_Genus_NoHit	Novel-clade-3_Species_NoHit	AY620333.1.1265_U	80.1
458	Cercomonadida	Cercomonadidae	Neocercomonas	Neocercomonas_jutlandica	AY496048.1.1352_U	96.3
491	Euglyphida	Euglyphidae	Assulina	Assulina_seminulum	EF456749.1.1779_U	98.8
436	Glissomonadida	Allapsidae	Allapsidae_Genus_NoHit	Allapsidae_Species_NoHit	FJ592346.1.1097_U	97.2
437	Glissomonadida	Sandonidae	Sandona	Sandona_Species_NoHit	EU709146.6.1494_U	97.8
44	Cryomonadida	Rhogostoma-lineage	Rhogostoma-lineage_Genus_NoHit	Rhogostoma-lineage_Species_NoHit	AY620295.1.1266_U	96.9
440	Euglyphida	Euglyphidae	Euglypha	Euglypha_rotunda	AJ418784.1.1789_U	97.8
442	Glissomonadida	Proleptomonadidae	Proleptomonas	Proleptomonas_faecicola	AF411275.1.1812_U	96.0
45	Cryomonadida	Rhogostoma-lineage	Rhogostoma-lineage_Genus_NoHit	Rhogostoma-lineage_Species_NoHit	AY620295.1.1266_U	97.2
450	Glissomonadida	Allapsidae	Allapsidae_Genus_NoHit	Allapsidae_Species_NoHit	AB695472.1.1770_U	96.6
468	Glissomonadida	Sandonidae	Sandona	Sandona_Species_NoHit	EU709146.6.1494_U	98.8
473	Glissomonadida	Sandonidae	Sandonidae_Genus_NoHit	Sandonidae_Species_NoHit	FJ592326.1.1098_U	98.4
451	Glissomonadida	Allapsidae	Allapsidae_Genus_NoHit	Allapsidae_Species_NoHit	EU709273.1.1186_U	86.4
457	Glissomonadida	Sandonidae	Sandonidae_Genus_NoHit	Sandonidae_Species_NoHit	EU709193.1.1278_U	98.1
47	Glissomonadida	Sandonidae	Mollimonas	Mollimonas_vickermani	HQ918173.1.2261_U	100.0
46	Glissomonadida	Allapsidae	Allapsidae_Genus_NoHit	Allapsidae_Species_NoHit	EU709273.1.1186_U	96.6
480	Euglyphida	Euglyphidae	Euglypha	Euglypha_rotunda	AJ418783.1.1790_U	98.1
467	Cercomonadida	Cercomonadidae	Cercomonas	Cercomonas_braziliensis	FJ790702.1.1748_U	97.5
477	Glissomonadida	Allapsidae	Allapsidae_Genus_NoHit	Allapsidae_Species_NoHit	EF023139.1.1807_U	91.4
472	Cercomonadida	Cercomonadidae	Cercomonadidae_Genus_NoHit	Cercomonadidae_Species_NoHit	FJ790743.1.803_U	97.5
48	Cercomonadida	Paracercomonadidae	Paracercomonadidae_Genus_NoHit	Paracercomonadidae_Species_NoHit	FJ790724.1.1735_U	89.4
488	Glissomonadida	Allapsidae	Allapsidae_Genus_NoHit	Allapsidae_Species_NoHit	AB695472.1.1770_U	85.2
479	Glissomonadida	Sandonidae	Sandona	Sandona_Species_NoHit	EU709146.6.1494_U	98.1
475	Glissomonadida	Glissomonadida_Family_NoHit	Glissomonadida_Genus_NoHit	Glissomonadida_Species_NoHit	EU709155.5.1505_U	76.6
481	Glissomonadida	Sandonidae	Sandonidae_Genus_NoHit	Sandonidae_Species_NoHit	EU709184.1.1577_U	97.8
512	Cercomonadida	Paracercomonadidae	Metabolomonas	Metabolomonas_insania	HM536167.1.1774_U	100.0
490	Cryomonadida	Protaspa-lineage	Protaspa-lineage_Genus_NoHit	Protaspa-lineage_Species_NoHit	AY620323.1.1267_U	93.2
486	Cercomonadida	Cercomonadidae	Cercomonas	Cercomonas_longicauda	FJ790680.1.1379_U	99.4
494	Glissomonadida	Sandonidae	Sandonidae_Genus_NoHit	Sandonidae_Species_NoHit	EU091844.1.1488_U	98.5
50	Cryomonadida	Rhogostoma-lineage	Rhogostoma-lineage_Genus_NoHit	Rhogostoma-lineage_Species_NoHit	EF023295.1.1806_U	97.8
495	Cercomonadida	Paracercomonadidae	Paracercomonadidae_Genus_NoHit	Paracercomonadidae_Species_NoHit	HM536164.1.1797_U	89.2
5	Thaumatomonadida	Thaumatomonadida_Family_NoHit	Thaumatomonadida_Genus_NoHit	Thaumatomonadida_Species_NoHit	DQ369017.1.1820_U	79.5
503	Glissomonadida	Allapsidae	Allapsidae_Genus_NoHit	Allapsidae_Species_NoHit	EF023859.1.1817_U	89.4
513	Glissomonadida	Bodomorphidae	Bodomorpha	Bodomorpha_Species_NoHit	HM536172.1.2170_U	97.8
504	Novel-clade-12	NC12A-lineage	NC12A-lineage_Genus_NoHit	NC12A-lineage_Species_NoHit	AY821947.1.1650_U	82.4
518	Limnofilida	Limnofilidae	Limnofilidae_Genus_NoHit	Limnofilidae_Species_NoHit	AY082993.1.1825_U	94.4
516	Order_NoHit	Family_NoHit	Genus_NoHit	Species_NoHit	EF024287.1.1808_U	91.6
52	Glissomonadida	Allapsidae	Allapsidae_Genus_NoHit	Allapsidae_Species_NoHit	EU709273.1.1186_U	92.0
535	Cercomonadida	Paracercomonadidae	Paracercomonas	Paracercomonas_Species_NoHit	HM536163.1.1777_U	100.0
525	Cercomonadida	Cercomonadidae	Cercomonadidae_Genus_NoHit	Cercomonadidae_Species_NoHit	FJ790743.1.803_U	98.4
526	Glissomonadida	Sandonidae	Sandonidae_Genus_NoHit	Sandonidae_Species_NoHit	AM114804.1.2264_U	98.4
520	Spongomonadida	Spongomonadidae	Spongomonas	Spongomonas_Species_NoHit	AY620252.1.1079_U	99.1
528	Glissomonadida	Allapsidae	Allapsidae_Genus_NoHit	Allapsidae_Species_NoHit	EU709273.1.1186_U	97.5
533	Limnofilida	Limnofilidae	Limnofila	Limnofila_anglica	EU567255.1.1670_U	99.4
532	Cercomonadida	Cercomonadidae	Cercomonas	Cercomonas_Species_NoHit	AY884320.1.1120_U	98.1
515	Order_NoHit	Family_NoHit	Genus_NoHit	Species_NoHit	XX123456.1	0.0
548	Glissomonadida	Sandonidae	Sandona	Sandona_Species_NoHit	EU709161.6.1494_U	99.7
541	Cryptofilida	Mesofilidae	Mesofila	Mesofila_Species_NoHit	EF455769.1.1760_U	96.9
55	Glissomonadida	Sandonidae	Sandonidae_Genus_NoHit	Sandonidae_Species_NoHit	FJ592291.1.1098_U	96.6
542	Cercomonadida	Cercomonadidae	Cercomonas	Cercomonas_Species_NoHit	AY884319.1.1137_U	94.5
588	Glissomonadida	Sandonidae	Sandonidae_Genus_NoHit	Sandonidae_Species_NoHit	EU709197.52.1291_U	98.5
56	Cercomonadida	Cercomonadidae	Cercomonas	Cercomonas_braziliensis	FJ790702.1.1748_U	99.1
544	Cercomonadida	Cercomonadidae	Cercomonas	Cercomonas_Species_NoHit	FJ790680.1.1379_U	94.4
550	Glissomonadida	Allapsidae	Allapsidae_Genus_NoHit	Allapsidae_Species_NoHit	EF023139.1.1807_U	92.5
553	Euglyphida	Euglyphidae	Euglyphidae_Genus_NoHit	Euglyphidae_Species_NoHit	EF456753.1.1777_U	87.7
563	Glissomonadida	Glissomonadida_Family_NoHit	Glissomonadida_Genus_NoHit	Glissomonadida_Species_NoHit	JN207856.1.868_U	86.7
555	Cercomonadida	Paracercomonadidae	Paracercomonas	Paracercomonas_Species_NoHit	HM536158.1.1781_U	99.4
557	Spongomonadida	Spongomonadidae	Spongomonas	Spongomonas_Species_NoHit	AY620252.1.1079_U	96.9
559	Glissomonadida	Sandonidae	Sandonidae_Genus_NoHit	Sandonidae_Species_NoHit	AM114804.1.2264_U	98.8
558	Order_NoHit	Family_NoHit	Genus_NoHit	Species_NoHit	DQ244001.1.1819_U	89.4
561	Glissomonadida	Allapsidae	Allapsidae_Genus_NoHit	Allapsidae_Species_NoHit	EU709266.1.1570_U	83.2
565	Limnofilida	Limnofilidae	Limnofila	Limnofila_anglica	EU567255.1.1670_U	97.9
569	Glissomonadida	Sandonidae	Sandonidae_Genus_NoHit	Sandonidae_Species_NoHit	EU709209.1.1172_U	95.4
574	Glissomonadida	Glissomonadida_Family_NoHit	Glissomonadida_Genus_NoHit	Glissomonadida_Species_NoHit	KC672643.1.1832_U	90.8
572	Glissomonadida	Sandonidae	Sandona	Sandona_Species_NoHit	EU709174.15.1480_U	99.7
575	Glissomonadida	Sandonidae	Sandonidae_Genus_NoHit	Sandonidae_Species_NoHit	AM114804.1.2264_U	97.5
581	Cercomonadida	Cercomonadidae	Neocercomonas	Neocercomonas_jutlandica	AY496048.1.1352_U	96.9
579	Glissomonadida	Glissomonadida_Family_NoHit	Glissomonadida_Genus_NoHit	Glissomonadida_Species_NoHit	FJ592260.1.1122_U	99.4
582	Cercomonadida	Cercomonadidae	Cercomonas	Cercomonas_mtoleri	FJ790684.1.1745_U	98.8
586	Spongomonadida	Spongomonadidae	Spongomonas	Spongomonas_Species_NoHit	AY620252.1.1079_U	90.4
59	Glissomonadida	Allapsidae	Allapsidae_Genus_NoHit	Allapsidae_Species_NoHit	EU709273.1.1186_U	96.0
597	Cercomonadida	Cercomonadidae	Cercomonas	Cercomonas_longicauda	FJ790680.1.1379_U	97.2
603	Glissomonadida	Allapsidae	Allapsidae_Genus_NoHit	Allapsidae_Species_NoHit	EF024516.1.1813_U	99.4
595	Glissomonadida	Sandonidae	Sandona	Sandona_Species_NoHit	EU709167.15.1476_U	99.4
607	Cercomonadida	Cercomonadidae	Cercomonadidae_Genus_NoHit	Cercomonadidae_Species_NoHit	FJ790747.1.837_U	98.8
605	Cryomonadida	Rhogostoma-lineage	Rhogostoma-lineage_Genus_NoHit	Rhogostoma-lineage_Species_NoHit	EF023895.1.1551_U	98.1
608	Glissomonadida	Sandonidae	Sandonidae_Genus_NoHit	Sandonidae_Species_NoHit	EU709209.1.1172_U	96.3
621	Glissomonadida	Sandonidae	Sandonidae_Genus_NoHit	Sandonidae_Species_NoHit	KC672531.1.1818_U	98.8
609	Glissomonadida	Allapsidae	Allapsidae_Genus_NoHit	Allapsidae_Species_NoHit	EU709273.1.1186_U	90.5
619	Glissomonadida	Sandonidae	Sandonidae_Genus_NoHit	Sandonidae_Species_NoHit	EU709208.1.1193_U	98.8
611	Euglyphida	Euglyphidae	Assulina	Assulina_muscorum	AJ418791.1.1812_U	100.0
62	Glissomonadida	Sandonidae	Sandonidae_Genus_NoHit	Sandonidae_Species_NoHit	EU709213.48.1481_U	99.1
670	Glissomonadida	Allapsidae	Allapsidae_Genus_NoHit	Allapsidae_Species_NoHit	AB695526.1.1759_U	94.7
630	Glissomonadida	Bodomorphidae	Bodomorpha	Bodomorpha_Species_NoHit	EU647174.1.1581_U	97.2
624	Glissomonadida	Sandonidae	Sandonidae_Genus_NoHit	Sandonidae_Species_NoHit	EU709226.1.1299_U	98.1
616	Glissomonadida	Proleptomonadidae	Proleptomonas	Proleptomonas_faecicola	AF411275.1.1812_U	99.4
63	Glissomonadida	Proleptomonadidae	Proleptomonas	Proleptomonas_Species_NoHit	AF411275.1.1812_U	94.4
623	Glissomonadida	Allapsidae	Allapsidae_Genus_NoHit	Allapsidae_Species_NoHit	EU709273.1.1186_U	100.0
655	Glissomonadida	Glissomonadida_Family_NoHit	Glissomonadida_Genus_NoHit	Glissomonadida_Species_NoHit	AB695519.1.1774_U	98.8
64	Glissomonadida	Allapsidae	Allapsidae_Genus_NoHit	Allapsidae_Species_NoHit	EU709266.1.1570_U	99.7
644	Glissomonadida	Allapsidae	Allantion	Allantion_Species_NoHit	AAYJ01000086.1.1804_U	100.0
653	Glissomonadida	Allapsidae	Allapsidae_Genus_NoHit	Allapsidae_Species_NoHit	AB695472.1.1770_U	89.2
646	Cercomonadida	Cercomonadidae	Cercomonas	Cercomonas_braziliensis	FJ790702.1.1748_U	99.1
665	Euglyphida	Euglyphida_Family_NoHit	Euglyphida_Genus_NoHit	Euglyphida_Species_NoHit	AY620296.1.1266_U	86.7
654	Cryomonadida	Rhogostoma-lineage	Rhogostoma-lineage_Genus_NoHit	Rhogostoma-lineage_Species_NoHit	EF023295.1.1806_U	97.5
658	Glissomonadida	Allapsidae	Allapsidae_Genus_NoHit	Allapsidae_Species_NoHit	FJ592464.1.1095_U	98.1
66	Glissomonadida	Allapsidae	Allapsidae_Genus_NoHit	Allapsidae_Species_NoHit	AB695526.1.1759_U	99.1
660	Glissomonadida	Allapsidae	Allapsidae_Genus_NoHit	Allapsidae_Species_NoHit	AB695472.1.1770_U	93.8
661	Tremulida	Tremulidae	Tremula	Tremula_Species_NoHit	EU567287.1.1111_U	92.9
668	Glissomonadida	Allapsidae	Allapsidae_Genus_NoHit	Allapsidae_Species_NoHit	EF024516.1.1813_U	98.8
67	Glissomonadida	Allapsidae	Allapsidae_Genus_NoHit	Allapsidae_Species_NoHit	EU709246.1.1127_U	89.5
675	Euglyphida	Euglyphidae	Euglypha	Euglypha_rotunda	AJ418783.1.1790_U	100.0
676	Spongomonadida	Spongomonadidae	Spongomonas	Spongomonas_Species_NoHit	AY620252.1.1079_U	97.5
692	Glissomonadida	Sandonidae	Sandona	Sandona_Species_NoHit	EU709146.6.1494_U	95.1
678	Marimonadida	Marimonadida_Family_NoHit	Marimonadida_Genus_NoHit	Marimonadida_Species_NoHit	AB505503.1.1732_U	83.8
68	Cercomonadida	Cercomonadidae	Eocercomonas	Eocercomonas_Species_NoHit	HM536152.1.1799_U	100.0
713	Glissomonadida	Sandonidae	Sandonidae_Genus_NoHit	Sandonidae_Species_NoHit	EU709181.49.1482_U	98.4
686	Cercomonadida	Paracercomonadidae	Paracercomonas	Paracercomonas_Species_NoHit	AY360709.1.862_U	97.8
690	Glissomonadida	Allapsidae	Allapsidae_Genus_NoHit	Allapsidae_Species_NoHit	EU709273.1.1186_U	96.9
693	Glissomonadida	Sandonidae	Sandonidae_Genus_NoHit	Sandonidae_Species_NoHit	EU709184.1.1577_U	97.2
708	Order_NoHit	Family_NoHit	Genus_NoHit	Species_NoHit	XX123456.1	0.0
702	Glissomonadida	Allapsidae	Allapsidae_Genus_NoHit	Allapsidae_Species_NoHit	AB695472.1.1770_U	93.8
74	Cryomonadida	Rhogostoma-lineage	Capsellina	Capsellina_Species_NoHit	AY082998.1.1818_U	99.1
703	Glissomonadida	Sandonidae	Sandona	Sandona_Species_NoHit	EU709146.6.1494_U	99.1
695	Order_NoHit	Family_NoHit	Genus_NoHit	Species_NoHit	KJ925320.1.1502_U	81.7
715	Novel-clade-10	Novel-clade-10_Family_NoHit	Novel-clade-10_Genus_NoHit	Novel-clade-10_Species_NoHit	GQ330591.1.1464_U	77.2
712	Cercomonadida	Cercomonadidae	Eocercomonas	Eocercomonas_Species_NoHit	AY884327.1.1071_U	93.5
719	Glissomonadida	Bodomorphidae	Bodomorpha	Bodomorpha_Species_NoHit	HM536172.1.2170_U	100.0
71	Glissomonadida	Sandonidae	Sandonidae_Genus_NoHit	Sandonidae_Species_NoHit	EU709193.1.1278_U	99.4
73	Euglyphida	Euglyphidae	Euglypha	Euglypha_compressa	EF456755.1.1639_U	97.2
721	Glissomonadida	Sandonidae	Sandonidae_Genus_NoHit	Sandonidae_Species_NoHit	EU709213.48.1481_U	98.8
728	Cercomonadida	Cercomonadidae	Eocercomonas	Eocercomonas_Species_NoHit	AY884327.1.1071_U	90.1
732	Glissomonadida	Sandonidae	Sandona	Sandona_Species_NoHit	EU709163.1.1190_U	90.6
735	Ventricleftida	CCW10-lineage	CCW10-lineage_Genus_NoHit	CCW10-lineage_Species_NoHit	GU820981.1.1215_U	89.8
730	Glissomonadida	Sandonidae	Neoheteromita	Neoheteromita_Species_NoHit	AF411280.1.1815_U	99.4
734	Thaumatomonadida	Peregriniidae	Peregrinia	Peregrinia_Species_NoHit	EF023480.1.1801_U	90.7
777	Cercomonadida	Cercomonadidae	Cercomonas	Cercomonas_Species_NoHit	AY884329.1.1073_U	97.9
741	Glissomonadida	Sandonidae	Mollimonas	Mollimonas_vickermani	HQ918173.1.2261_U	99.1
738	Glissomonadida	Sandonidae	Sandonidae_Genus_NoHit	Sandonidae_Species_NoHit	EU709177.8.1496_U	99.1
745	Cercomonadida	Cercomonadidae	Cercomonas	Cercomonas_Species_NoHit	AY620299.1.1259_U	98.5
748	Cercomonadida	Paracercomonadidae	Nucleocercomonas	Nucleocercomonas_Species_NoHit	HM536164.1.1797_U	91.6
750	Spongomonadida	Spongomonadidae	Spongomonas	Spongomonas_Species_NoHit	AY620252.1.1079_U	95.6
742	Glissomonadida	Sandonidae	Sandonidae_Genus_NoHit	Sandonidae_Species_NoHit	FJ592326.1.1098_U	99.1
736	Tectofilosida	Pseudodifflugiidae	Pseudodifflugiidae_Genus_NoHit	Pseudodifflugiidae_Species_NoHit	GU479953.1.1472_U	85.5
755	Cryomonadida	Rhogostoma-lineage	Rhogostoma-lineage_Genus_NoHit	Rhogostoma-lineage_Species_NoHit	EF023295.1.1806_U	97.2
752	Cercomonadida	Cercomonadidae	Cercomonadidae_Genus_NoHit	Cercomonadidae_Species_NoHit	AB534320.1.1625_U	95.7
757	Euglyphida	Euglyphida_Family_NoHit	Euglyphida_Genus_NoHit	Euglyphida_Species_NoHit	AY620296.1.1266_U	85.2
759	Spongomonadida	Spongomonadidae	Spongomonas	Spongomonas_Species_NoHit	AY620252.1.1079_U	96.9
770	Glissomonadida	Allapsidae	Allapsidae_Genus_NoHit	Allapsidae_Species_NoHit	FJ592346.1.1097_U	96.6
775	Glissomonadida	Sandonidae	Sandonidae_Genus_NoHit	Sandonidae_Species_NoHit	EU709193.1.1278_U	98.4
762	Glissomonadida	Allapsidae	Allapsidae_Genus_NoHit	Allapsidae_Species_NoHit	EF023139.1.1807_U	92.2
78	Glissomonadida	Sandonidae	Sandonidae_Genus_NoHit	Sandonidae_Species_NoHit	AM114804.1.2264_U	100.0
786	Glissomonadida	Sandonidae	Sandona	Sandona_Species_NoHit	EU709146.6.1494_U	97.5
787	Cryomonadida	Rhogostoma-lineage	Capsellina	Capsellina_Species_NoHit	AY082998.1.1818_U	98.5
81	Glissomonadida	Sandonidae	Sandona	Sandona_Species_NoHit	EU709152.6.1488_U	98.8
806	Cercomonadida	Cercomonadidae	Cercomonas	Cercomonas_Species_NoHit	AY884322.1.1074_U	100.0
794	Cercomonadida	Paracercomonadidae	Paracercomonadidae_Genus_NoHit	Paracercomonadidae_Species_NoHit	AY965864.1.1787_U	87.1
8	Cryomonadida	Rhogostoma-lineage	Rhogostoma-lineage_Genus_NoHit	Rhogostoma-lineage_Species_NoHit	EF023295.1.1806_U	97.5
788	Glissomonadida	Sandonidae	Sandonidae_Genus_NoHit	Sandonidae_Species_NoHit	KC672607.1.1816_U	97.5
815	Glissomonadida	Glissomonadida_Family_NoHit	Glissomonadida_Genus_NoHit	Glissomonadida_Species_NoHit	EU709271.1.1171_U	75.2
796	Thaumatomonadida	Thaumatomonadida_Family_NoHit	Thaumatomonadida_Genus_NoHit	Thaumatomonadida_Species_NoHit	DQ369017.1.1820_U	79.2
731	Order_NoHit	Family_NoHit	Genus_NoHit	Species_NoHit	XX123456.1	0.0
828	Glissomonadida	Sandonidae	Sandonidae_Genus_NoHit	Sandonidae_Species_NoHit	EU709213.48.1481_U	98.4
807	Spongomonadida	Spongomonadidae	Spongomonadidae_Genus_NoHit	Spongomonadidae_Species_NoHit	AY620252.1.1079_U	89.8
837	Ventricleftida	Ventricleftida_Family_NoHit	Ventricleftida_Genus_NoHit	Ventricleftida_Species_NoHit	AY620347.1.1267_U	76.8
814	Glissomonadida	Sandonidae	Sandonidae_Genus_NoHit	Sandonidae_Species_NoHit	KC672607.1.1816_U	98.8
816	Cercomonadida	Paracercomonadidae	Nucleocercomonas	Nucleocercomonas_Species_NoHit	HM536164.1.1797_U	91.0
817	Glissomonadida	Allapsidae	Allapsidae_Genus_NoHit	Allapsidae_Species_NoHit	EF023715.1.1816_U	98.1
831	Cercomonadida	Cercomonadidae	Cercomonadidae_Genus_NoHit	Cercomonadidae_Species_NoHit	FJ790741.1.910_U	91.2
82	Glissomonadida	Sandonidae	Sandonidae_Genus_NoHit	Sandonidae_Species_NoHit	FJ592249.1.1097_U	98.8
824	Cryomonadida	Rhogostoma-lineage	Rhogostoma-lineage_Genus_NoHit	Rhogostoma-lineage_Species_NoHit	EF023295.1.1806_U	96.9
83	Glissomonadida	Sandonidae	Sandonidae_Genus_NoHit	Sandonidae_Species_NoHit	EU709184.1.1577_U	94.8
830	Euglyphida	Euglyphida_Family_NoHit	Euglyphida_Genus_NoHit	Euglyphida_Species_NoHit	AY620296.1.1266_U	92.3
835	Cercomonadida	Cercomonadidae	Cercomonadidae_Genus_NoHit	Cercomonadidae_Species_NoHit	FJ790748.1.1423_U	97.5
839	Thaumatomonadida	Peregriniidae	Peregrinia	Peregrinia_Species_NoHit	EF023480.1.1801_U	99.7
833	Glissomonadida	Allapsidae	Allapsidae_Genus_NoHit	Allapsidae_Species_NoHit	EU709266.1.1570_U	83.7
844	Glissomonadida	Bodomorphidae	Bodomorpha	Bodomorpha_Species_NoHit	HM536172.1.2170_U	99.1
860	Order_NoHit	Family_NoHit	Genus_NoHit	Species_NoHit	EF024026.1.1804_U	94.1
843	Euglyphida	Paulinellidae	Paulinella	Paulinella_Species_NoHit	AB695524.1.1779_U	92.3
851	Glissomonadida	Allapsidae	Allapsidae_Genus_NoHit	Allapsidae_Species_NoHit	EU709273.1.1186_U	97.2
848	Order_NoHit	Novel-Gran-6	Novel-Gran-6_Genus_NoHit	Novel-Gran-6_Species_NoHit	AY620300.1.1271_U	96.6
859	Cercomonadida	Cercomonadidae	Neocercomonas	Neocercomonas_jutlandica	AY496048.1.1352_U	98.1
853	Thaumatomonadida	Peregriniidae	Peregrinia	Peregrinia_Species_NoHit	EF023480.1.1801_U	97.8
858	Glissomonadida	Allapsidae	Allapsidae_Genus_NoHit	Allapsidae_Species_NoHit	EU709273.1.1186_U	91.1
86	Glissomonadida	Sandonidae	Sandona	Sandona_Species_NoHit	EU709136.1.1164_U	100.0
864	Cryomonadida	Rhogostoma-lineage	Rhogostoma-lineage_Genus_NoHit	Rhogostoma-lineage_Species_NoHit	AY620303.1.1268_U	99.4
87	Cercomonadida	Paracercomonadidae	Paracercomonas	Paracercomonas_Species_NoHit	AY884340.1.1061_U	92.5
878	Glissomonadida	Sandonidae	Sandonidae_Genus_NoHit	Sandonidae_Species_NoHit	EU709189.46.1479_U	97.5
874	Glissomonadida	Allapsidae	Group-Te	Group-Te_Species_NoHit	EU709246.1.1127_U	90.1
876	Cercomonadida	Cercomonadidae	Cercomonas	Cercomonas_Species_NoHit	EF024543.1.1827_U	100.0
919	Cercomonadida	Paracercomonadidae	Paracercomonas	Paracercomonas_Species_NoHit	EF024396.1.1859_U	99.7
881	Cryomonadida	Protaspa-lineage	Protaspa-lineage_Genus_NoHit	Protaspa-lineage_Species_NoHit	AB505571.1.1741_U	82.6
88	Glissomonadida	Glissomonadida_Family_NoHit	Glissomonadida_Genus_NoHit	Glissomonadida_Species_NoHit	JN054696.1.1531_U	78.9
935	Cercomonadida	Cercomonadidae	Neocercomonas	Neocercomonas_Species_NoHit	AY496048.1.1352_U	94.4
884	Euglyphida	Trinematidae	Trinema	Trinema_lineare	EF456752.1.1788_U	99.4
887	Thaumatomonadida	Thaumatomonadida_Family_NoHit	Thaumatomonadida_Genus_NoHit	Thaumatomonadida_Species_NoHit	DQ369017.1.1820_U	79.5
890	Glissomonadida	Allapsidae	Allapsidae_Genus_NoHit	Allapsidae_Species_NoHit	EU709266.1.1570_U	96.9
909	Cercomonadida	Paracercomonadidae	Paracercomonas	Paracercomonas_Species_NoHit	AY884340.1.1061_U	92.2
911	Cryomonadida	Rhogostoma-lineage	Rhogostoma-lineage_Genus_NoHit	Rhogostoma-lineage_Species_NoHit	EF023295.1.1806_U	98.1
9	Glissomonadida	Allapsidae	Allapsidae_Genus_NoHit	Allapsidae_Species_NoHit	EU709251.1.955_U	80.0
900	Glissomonadida	Sandonidae	Sandonidae_Genus_NoHit	Sandonidae_Species_NoHit	KC672607.1.1816_U	98.4
908	Cercomonadida	Cercomonadida_Family_NoHit	Cercomonadida_Genus_NoHit	Cercomonadida_Species_NoHit	HM536152.1.1799_U	79.4
913	Glissomonadida	Allapsidae	Allapsidae_Genus_NoHit	Allapsidae_Species_NoHit	EU709273.1.1186_U	90.2
924	Cercomonadida	Cercomonadidae	Cercomonas	Cercomonas_longicauda	FJ790680.1.1379_U	98.8
922	Glissomonadida	Glissomonadida_Family_NoHit	Glissomonadida_Genus_NoHit	Glissomonadida_Species_NoHit	EU709271.1.1171_U	75.5
917	Tectofilosida	Pseudodifflugiidae	Pseudodifflugiidae_Genus_NoHit	Pseudodifflugiidae_Species_NoHit	GU479953.1.1472_U	89.0
912	Glissomonadida	Glissomonadida_Family_NoHit	Glissomonadida_Genus_NoHit	Glissomonadida_Species_NoHit	HM536172.1.2170_U	79.5
958	Cercomonadida	Paracercomonadidae	Paracercomonas	Paracercomonas_Species_NoHit	EF024693.1.1804_U	91.0
927	Glissomonadida	Bodomorphidae	Bodomorpha	Bodomorpha_Species_NoHit	HM536172.1.2170_U	98.4
93	Glissomonadida	Sandonidae	Sandona	Sandona_Species_NoHit	EU709161.6.1494_U	99.7
95	Cercomonadida	Cercomonadidae	Cercomonadidae_Genus_NoHit	Cercomonadidae_Species_NoHit	FJ790716.1.1724_U	80.9
945	Glissomonadida	Bodomorphidae	Bodomorpha	Bodomorpha_Species_NoHit	HM536172.1.2170_U	96.6
96	Glissomonadida	Sandonidae	Sandonidae_Genus_NoHit	Sandonidae_Species_NoHit	KC672607.1.1816_U	98.4
936	Euglyphida	Euglyphidae	Tracheleuglypha	Tracheleuglypha_dentata	AJ418790.1.1881_U	98.3
947	Glissomonadida	Sandonidae	Sandona	Sandona_Species_NoHit	EU709144.4.1491_U	98.5
937	Glissomonadida	Bodomorphidae	Bodomorphidae_Genus_NoHit	Bodomorphidae_Species_NoHit	JN054696.1.1531_U	87.7
939	Glissomonadida	Allapsidae	Allapsidae_Genus_NoHit	Allapsidae_Species_NoHit	AB695526.1.1759_U	94.1
951	Glissomonadida	Allapsidae	Allapsidae_Genus_NoHit	Allapsidae_Species_NoHit	EU709273.1.1186_U	87.1
996	Cercomonadida	Cercomonadida_Family_NoHit	Cercomonadida_Genus_NoHit	Cercomonadida_Species_NoHit	AY496048.1.1352_U	77.1
943	Thaumatomonadida	Peregriniidae	Peregriniidae_Genus_NoHit	Peregriniidae_Species_NoHit	HQ869271.1.875_U	86.1
976	Spongomonadida	Spongomonadidae	Spongomonas	Spongomonas_Species_NoHit	AY620252.1.1079_U	90.1
94	Thaumatomonadida	Thaumatomonadida_Family_NoHit	Thaumatomonadida_Genus_NoHit	Thaumatomonadida_Species_NoHit	EF023480.1.1801_U	74.6
964	Glissomonadida	Glissomonadida_Family_NoHit	Glissomonadida_Genus_NoHit	Glissomonadida_Species_NoHit	EF023344.1.1825_U	82.7
98	Glissomonadida	Allapsidae	Allapsidae_Genus_NoHit	Allapsidae_Species_NoHit	FJ592346.1.1097_U	98.8
983	Spongomonadida	Spongomonadidae	Spongomonas	Spongomonas_Species_NoHit	AY620252.1.1079_U	97.5
984	Cercomonadida	Cercomonadidae	Cercomonas	Cercomonas_celer	FJ790710.1.1689_U	98.8
967	Cryomonadida	Rhogostoma-lineage	Rhogostoma-lineage_Genus_NoHit	Rhogostoma-lineage_Species_NoHit	EF023295.1.1806_U	97.8
971	Glissomonadida	Sandonidae	Sandonidae_Genus_NoHit	Sandonidae_Species_NoHit	EU709213.48.1481_U	97.2
97	Glissomonadida	Glissomonadida_Family_NoHit	Glissomonadida_Genus_NoHit	Glissomonadida_Species_NoHit	EU709271.1.1171_U	74.3
982	Euglyphida	Euglyphidae	Euglypha	Euglypha_rotunda	AJ418784.1.1789_U	97.8
985	Glissomonadida	Allapsidae	Allapsidae_Genus_NoHit	Allapsidae_Species_NoHit	AB695472.1.1770_U	92.9
997	Glissomonadida	Sandonidae	Sandonidae_Genus_NoHit	Sandonidae_Species_NoHit	EU709209.1.1172_U	98.1
