K232_Bl_Fr	GTGAACTC	CTGATCGT
K232_Tot	GTGAACTC	CTTGAACG
K439_Bl_Fr	GTGAACTC	CTGAGAGA
K439_Tot	GTGAACTC	CTACAGTA
H1	GTGAACTC	GATATGTC
F1	GTGAACTC	CATGTTAC
E1	GTGAACTC	GTTCCTAA
K232_Bor	GCGTAATC	GTTGACAC
K232_Det	GCGTAATC	CCGAGAAT
K439_Bor	GCGTAATC	AGTAGCTT
K439_Det	GCGTAATC	GACCAATT
D1	GCGTAATC	CACATTGT
C1	GCGTAATC	CATAATGG
B1	GCGTAATC	ACCTGATT
K232_Hyp	ATGTGACC	CTGATCGT
K232_Oth	ATGTGACC	CTTGAACG
K232_Fl	ATGTGACC	CTGAGAGA
K439_Hyp	ATGTGACC	CTACAGTA
K439_Oth	ATGTGACC	GATATGTC
A1	ATGTGACC	CATGTTAC
H2	ATGTGACC	GTTCCTAA
G2	ATGTGACC	ATAGCGTA
K592_Bl_Fr	ATACGCAC	GTTGACAC
K592_Tot	ATACGCAC	CCGAGAAT
K592_Bor	ATACGCAC	AGTAGCTT
K439_Fl	ATACGCAC	GACCAATT
K455_Bl_Fr	ATACGCAC	CACATTGT
F2	ATACGCAC	CATAATGG
E2	ATACGCAC	ACCTGATT
D2	ATACGCAC	ATTGAAGC
K455_Tot	ATCTGGAC	CTGATCGT
K770_Bl_Fr	ATCTGGAC	CTTGAACG
K770_Tot	ATCTGGAC	CTGAGAGA
K770_Bor	ATCTGGAC	CTACAGTA
K455_Bor	ATCTGGAC	GATATGTC
C2	ATCTGGAC	CATGTTAC
B2	ATCTGGAC	GTTCCTAA
A2	ATCTGGAC	ATAGCGTA
K455_Det	GTCAATCC	GTTGACAC
K129_Bl_Fr	GTCAATCC	CCGAGAAT
K129_Tot	GTCAATCC	AGTAGCTT
K129_Bor	GTCAATCC	GACCAATT
K455_Hyp	GTCAATCC	CACATTGT
H3	GTCAATCC	CATAATGG
G3	GTCAATCC	ACCTGATT
F3	GTCAATCC	ATTGAAGC
E3	GACCATAC	CTGATCGT
K455_Oth	GACCATAC	CTTGAACG
K592_Det	GACCATAC	CTGAGAGA
K592_Hyp	GACCATAC	CTACAGTA
K455_Fl	GACCATAC	GATATGTC
K517_Bl_Fr	GACCATAC	CATGTTAC
D3	GACCATAC	GTTCCTAA
C3	GACCATAC	ATAGCGTA
B3	GAATACTC	GTTGACAC
K517_Tot	GAATACTC	CCGAGAAT
K317_Bl_Fr	GAATACTC	AGTAGCTT
K317_Tot	GAATACTC	GACCAATT
K317_Bor	GAATACTC	CACATTGT
K517_Bor	GAATACTC	CATAATGG
A3	GAATACTC	ACCTGATT
H4	GAATACTC	ATTGAAGC
G4	GTTATAGC	CTGATCGT
F4	GTTATAGC	CTTGAACG
K517_Det	GTTATAGC	CTGAGAGA
K733_Bl_Fr	GTTATAGC	CTACAGTA
K733_Tot	GTTATAGC	GATATGTC
K733_Bor	GTTATAGC	CATGTTAC
K517_Hyp	GTTATAGC	GTTCCTAA
E4	GTTATAGC	ATAGCGTA
D4	TAGTTACC	GTTGACAC
C4	TAGTTACC	CCGAGAAT
K517_Oth	TAGTTACC	AGTAGCTT
K592_Oth	TAGTTACC	GACCAATT
K592_Fl	TAGTTACC	CACATTGT
K517_Fl	TAGTTACC	CATAATGG
K439_Bod	TAGTTACC	ACCTGATT
B4	TAGTTACC	ATTGAAGC
A4	AACTTAGC	CTGATCGT
H5	AACTTAGC	CTTGAACG
G5	AACTTAGC	CTGAGAGA
K455_Bod	AACTTAGC	CTACAGTA
K317_Det	AACTTAGC	GATATGTC
K317_Hyp	AACTTAGC	CATGTTAC
K317_Oth	AACTTAGC	GTTCCTAA
K517_Bod	AACTTAGC	ATAGCGTA
F5	TATCTAGC	GTTGACAC
E5	TATCTAGC	CCGAGAAT
D5	TATCTAGC	AGTAGCTT
K129_Bod	TATCTAGC	GACCAATT
K317_Bod	TATCTAGC	CACATTGT
K770_Det	TATCTAGC	CATAATGG
K770_Hyp	TATCTAGC	ACCTGATT
K733_Bod	TATCTAGC	ATTGAAGC
C5	TGATACAC	CTTGAACG
B5	TGATACAC	CTGAGAGA
A5	TGATACAC	CTACAGTA
K232_Bod	TGATACAC	GATATGTC
K770_Oth	TGATACAC	CATGTTAC
K770_Fl	TGATACAC	GTTCCTAA
K592_Bod	TGATACAC	ATAGCGTA
K770_Bod	TGATACAC	ATACTGAC
H6	GTAGATAC	CCGAGAAT
G6	GTAGATAC	AGTAGCTT
K439_Laub	GTAGATAC	GACCAATT
K455_Laub	GTAGATAC	CACATTGT
K733_Det	GTAGATAC	CATAATGG
K733_Hyp	GTAGATAC	ACCTGATT
K733_Oth	GTAGATAC	ATTGAAGC
F6	AGTTCATC	CTGAGAGA
E6	AGTTCATC	CTACAGTA
K517_Laub	AGTTCATC	GATATGTC
K129_Laub	AGTTCATC	CATGTTAC
K317_Laub	AGTTCATC	GTTCCTAA
K129_Det	AGTTCATC	ATAGCGTA
K129_Hyp	AGTTCATC	ATACTGAC
D6	TTAGAGTC	CCGAGAAT
C6	TTAGAGTC	AGTAGCTT
B6	TTAGAGTC	GACCAATT
K733_Laub	TTAGAGTC	CACATTGT
K232_Laub	TTAGAGTC	CATAATGG
K129_Oth	TTAGAGTC	ACCTGATT
K129_Fl	TTAGAGTC	ATTGAAGC
A6	TATATGCC	CTGAGAGA
B7	TATATGCC	CTACAGTA
A7	TATATGCC	GATATGTC
K592_Laub	TATATGCC	CATGTTAC
K770_Laub	TATATGCC	GTTCCTAA
K317_Fl	TATATGCC	ATAGCGTA
K733_Fl	TATATGCC	ATACTGAC
Mock	AATTGGTC	GACTGATA
unused001	GTGAACTC	GTTGACAC
unused002	GTGAACTC	CCGAGAAT
unused003	GTGAACTC	AGTAGCTT
unused004	GTGAACTC	GACCAATT
unused005	GTGAACTC	CACATTGT
unused006	GTGAACTC	CATAATGG
unused007	GTGAACTC	ACCTGATT
unused008	GTGAACTC	ATAGCGTA
unused009	GTGAACTC	ATTGAAGC
unused010	GTGAACTC	ATACTGAC
unused011	GTGAACTC	GACTGATA
unused012	GCGTAATC	CTGATCGT
unused013	GCGTAATC	CTTGAACG
unused014	GCGTAATC	CTGAGAGA
unused015	GCGTAATC	CTACAGTA
unused016	GCGTAATC	GATATGTC
unused017	GCGTAATC	CATGTTAC
unused018	GCGTAATC	GTTCCTAA
unused019	GCGTAATC	ATAGCGTA
unused020	GCGTAATC	ATTGAAGC
unused021	GCGTAATC	ATACTGAC
unused022	GCGTAATC	GACTGATA
unused023	ATGTGACC	GTTGACAC
unused024	ATGTGACC	CCGAGAAT
unused025	ATGTGACC	AGTAGCTT
unused026	ATGTGACC	GACCAATT
unused027	ATGTGACC	CACATTGT
unused028	ATGTGACC	CATAATGG
unused029	ATGTGACC	ACCTGATT
unused030	ATGTGACC	ATTGAAGC
unused031	ATGTGACC	ATACTGAC
unused032	ATGTGACC	GACTGATA
unused033	ATACGCAC	CTGATCGT
unused034	ATACGCAC	CTTGAACG
unused035	ATACGCAC	CTGAGAGA
unused036	ATACGCAC	CTACAGTA
unused037	ATACGCAC	GATATGTC
unused038	ATACGCAC	CATGTTAC
unused039	ATACGCAC	GTTCCTAA
unused040	ATACGCAC	ATAGCGTA
unused041	ATACGCAC	ATACTGAC
unused042	ATACGCAC	GACTGATA
unused043	ATCTGGAC	GTTGACAC
unused044	ATCTGGAC	CCGAGAAT
unused045	ATCTGGAC	AGTAGCTT
unused046	ATCTGGAC	GACCAATT
unused047	ATCTGGAC	CACATTGT
unused048	ATCTGGAC	CATAATGG
unused049	ATCTGGAC	ACCTGATT
unused050	ATCTGGAC	ATTGAAGC
unused051	ATCTGGAC	ATACTGAC
unused052	ATCTGGAC	GACTGATA
unused053	GTCAATCC	CTGATCGT
unused054	GTCAATCC	CTTGAACG
unused055	GTCAATCC	CTGAGAGA
unused056	GTCAATCC	CTACAGTA
unused057	GTCAATCC	GATATGTC
unused058	GTCAATCC	CATGTTAC
unused059	GTCAATCC	GTTCCTAA
unused060	GTCAATCC	ATAGCGTA
unused061	GTCAATCC	ATACTGAC
unused062	GTCAATCC	GACTGATA
unused063	GACCATAC	GTTGACAC
unused064	GACCATAC	CCGAGAAT
unused065	GACCATAC	AGTAGCTT
unused066	GACCATAC	GACCAATT
unused067	GACCATAC	CACATTGT
unused068	GACCATAC	CATAATGG
unused069	GACCATAC	ACCTGATT
unused070	GACCATAC	ATTGAAGC
unused071	GACCATAC	ATACTGAC
unused072	GACCATAC	GACTGATA
unused073	GAATACTC	CTGATCGT
unused074	GAATACTC	CTTGAACG
unused075	GAATACTC	CTGAGAGA
unused076	GAATACTC	CTACAGTA
unused077	GAATACTC	GATATGTC
unused078	GAATACTC	CATGTTAC
unused079	GAATACTC	GTTCCTAA
unused080	GAATACTC	ATAGCGTA
unused081	GAATACTC	ATACTGAC
unused082	GAATACTC	GACTGATA
unused083	GTTATAGC	GTTGACAC
unused084	GTTATAGC	CCGAGAAT
unused085	GTTATAGC	AGTAGCTT
unused086	GTTATAGC	GACCAATT
unused087	GTTATAGC	CACATTGT
unused088	GTTATAGC	CATAATGG
unused089	GTTATAGC	ACCTGATT
unused090	GTTATAGC	ATTGAAGC
unused091	GTTATAGC	ATACTGAC
unused092	GTTATAGC	GACTGATA
unused093	TAGTTACC	CTGATCGT
unused094	TAGTTACC	CTTGAACG
unused095	TAGTTACC	CTGAGAGA
unused096	TAGTTACC	CTACAGTA
unused097	TAGTTACC	GATATGTC
unused098	TAGTTACC	CATGTTAC
unused099	TAGTTACC	GTTCCTAA
unused100	TAGTTACC	ATAGCGTA
unused101	TAGTTACC	ATACTGAC
unused102	TAGTTACC	GACTGATA
unused103	AACTTAGC	GTTGACAC
unused104	AACTTAGC	CCGAGAAT
unused105	AACTTAGC	AGTAGCTT
unused106	AACTTAGC	GACCAATT
unused107	AACTTAGC	CACATTGT
unused108	AACTTAGC	CATAATGG
unused109	AACTTAGC	ACCTGATT
unused110	AACTTAGC	ATTGAAGC
unused111	AACTTAGC	ATACTGAC
unused112	AACTTAGC	GACTGATA
unused113	TATCTAGC	CTGATCGT
unused114	TATCTAGC	CTTGAACG
unused115	TATCTAGC	CTGAGAGA
unused116	TATCTAGC	CTACAGTA
unused117	TATCTAGC	GATATGTC
unused118	TATCTAGC	CATGTTAC
unused119	TATCTAGC	GTTCCTAA
unused120	TATCTAGC	ATAGCGTA
unused121	TATCTAGC	ATACTGAC
unused122	TATCTAGC	GACTGATA
unused123	TGATACAC	CTGATCGT
unused124	TGATACAC	GTTGACAC
unused125	TGATACAC	CCGAGAAT
unused126	TGATACAC	AGTAGCTT
unused127	TGATACAC	GACCAATT
unused128	TGATACAC	CACATTGT
unused129	TGATACAC	CATAATGG
unused130	TGATACAC	ACCTGATT
unused131	TGATACAC	ATTGAAGC
unused132	TGATACAC	GACTGATA
unused133	GTAGATAC	CTGATCGT
unused134	GTAGATAC	GTTGACAC
unused135	GTAGATAC	CTTGAACG
unused136	GTAGATAC	CTGAGAGA
unused137	GTAGATAC	CTACAGTA
unused138	GTAGATAC	GATATGTC
unused139	GTAGATAC	CATGTTAC
unused140	GTAGATAC	GTTCCTAA
unused141	GTAGATAC	ATAGCGTA
unused142	GTAGATAC	ATACTGAC
unused143	GTAGATAC	GACTGATA
unused144	AGTTCATC	CTGATCGT
unused145	AGTTCATC	GTTGACAC
unused146	AGTTCATC	CTTGAACG
unused147	AGTTCATC	CCGAGAAT
unused148	AGTTCATC	AGTAGCTT
unused149	AGTTCATC	GACCAATT
unused150	AGTTCATC	CACATTGT
unused151	AGTTCATC	CATAATGG
unused152	AGTTCATC	ACCTGATT
unused153	AGTTCATC	ATTGAAGC
unused154	AGTTCATC	GACTGATA
unused155	TTAGAGTC	CTGATCGT
unused156	TTAGAGTC	GTTGACAC
unused157	TTAGAGTC	CTTGAACG
unused158	TTAGAGTC	CTGAGAGA
unused159	TTAGAGTC	CTACAGTA
unused160	TTAGAGTC	GATATGTC
unused161	TTAGAGTC	CATGTTAC
unused162	TTAGAGTC	GTTCCTAA
unused163	TTAGAGTC	ATAGCGTA
unused164	TTAGAGTC	ATACTGAC
unused165	TTAGAGTC	GACTGATA
unused166	TATATGCC	CTGATCGT
unused167	TATATGCC	GTTGACAC
unused168	TATATGCC	CTTGAACG
unused169	TATATGCC	CCGAGAAT
unused170	TATATGCC	AGTAGCTT
unused171	TATATGCC	GACCAATT
unused172	TATATGCC	CACATTGT
unused173	TATATGCC	CATAATGG
unused174	TATATGCC	ACCTGATT
unused175	TATATGCC	ATTGAAGC
unused176	TATATGCC	GACTGATA
unused177	AATTGGTC	CTGATCGT
unused178	AATTGGTC	GTTGACAC
unused179	AATTGGTC	CTTGAACG
unused180	AATTGGTC	CCGAGAAT
unused181	AATTGGTC	CTGAGAGA
unused182	AATTGGTC	AGTAGCTT
unused183	AATTGGTC	CTACAGTA
unused184	AATTGGTC	GACCAATT
unused185	AATTGGTC	GATATGTC
unused186	AATTGGTC	CACATTGT
unused187	AATTGGTC	CATGTTAC
unused188	AATTGGTC	CATAATGG
unused189	AATTGGTC	GTTCCTAA
unused190	AATTGGTC	ACCTGATT
unused191	AATTGGTC	ATAGCGTA
unused192	AATTGGTC	ATTGAAGC
unused193	AATTGGTC	ATACTGAC
