K232_Bl_Fr	GCTTCTAG	GCAGTATC
K232_Tot	GCTTCTAG	ATCACAGC
K439_Bl_Fr	GCTTCTAG	AAGCTCCA
K439_Tot	GCTTCTAG	TCGCGTAA
H1	GCTTCTAG	CCTTATCG
F1	GCTTCTAG	GCATGACA
E1	GCTTCTAG	AGCATGTG
K232_Bor	TAGCTCTG	ACCTGTCA
K232_Det	TAGCTCTG	TACAGCCT
K439_Bor	TAGCTCTG	TTCAGCGA
K439_Det	TAGCTCTG	AAGCCTAG
D1	TAGCTCTG	GAGATCGA
C1	TAGCTCTG	TCCACGTT
B1	TAGCTCTG	TAAGAGTC
K232_Hyp	GGTACTCA	GCAGTATC
K232_Oth	GGTACTCA	ATCACAGC
K232_Fl	GGTACTCA	AAGCTCCA
K439_Hyp	GGTACTCA	TCGCGTAA
K439_Oth	GGTACTCA	CCTTATCG
A1	GGTACTCA	GCATGACA
H2	GGTACTCA	AGCATGTG
G2	GGTACTCA	CATTAAGG
K592_Bl_Fr	TGTAGGTC	ACCTGTCA
K592_Tot	TGTAGGTC	TACAGCCT
K592_Bor	TGTAGGTC	TTCAGCGA
K439_Fl	TGTAGGTC	AAGCCTAG
K455_Bl_Fr	TGTAGGTC	GAGATCGA
F2	TGTAGGTC	TCCACGTT
E2	TGTAGGTC	TAAGAGTC
D2	TGTAGGTC	TACACAGT
K455_Tot	TGCAACCA	GCAGTATC
K770_Bl_Fr	TGCAACCA	ATCACAGC
K770_Tot	TGCAACCA	AAGCTCCA
K770_Bor	TGCAACCA	TCGCGTAA
K455_Bor	TGCAACCA	CCTTATCG
C2	TGCAACCA	GCATGACA
B2	TGCAACCA	AGCATGTG
A2	TGCAACCA	CATTAAGG
K455_Det	CAATGCGA	ACCTGTCA
K129_Bl_Fr	CAATGCGA	TACAGCCT
K129_Tot	CAATGCGA	TTCAGCGA
K129_Bor	CAATGCGA	AAGCCTAG
K455_Hyp	CAATGCGA	GAGATCGA
H3	CAATGCGA	TCCACGTT
G3	CAATGCGA	TAAGAGTC
F3	CAATGCGA	TACACAGT
E3	GCTATTGC	GCAGTATC
K455_Oth	GCTATTGC	ATCACAGC
K592_Det	GCTATTGC	AAGCTCCA
K592_Hyp	GCTATTGC	TCGCGTAA
K455_Fl	GCTATTGC	CCTTATCG
K517_Bl_Fr	GCTATTGC	GCATGACA
D3	GCTATTGC	AGCATGTG
C3	GCTATTGC	CATTAAGG
B3	AGTAACGG	ACCTGTCA
K517_Tot	AGTAACGG	TACAGCCT
K317_Bl_Fr	AGTAACGG	TTCAGCGA
K317_Tot	AGTAACGG	AAGCCTAG
K317_Bor	AGTAACGG	GAGATCGA
K517_Bor	AGTAACGG	TCCACGTT
A3	AGTAACGG	TAAGAGTC
H4	AGTAACGG	TACACAGT
G4	ACTTCTGA	GCAGTATC
F4	ACTTCTGA	ATCACAGC
K517_Det	ACTTCTGA	AAGCTCCA
K733_Bl_Fr	ACTTCTGA	TCGCGTAA
K733_Tot	ACTTCTGA	CCTTATCG
K733_Bor	ACTTCTGA	GCATGACA
K517_Hyp	ACTTCTGA	AGCATGTG
E4	ACTTCTGA	CATTAAGG
D4	ACTTAGCA	ACCTGTCA
C4	ACTTAGCA	TACAGCCT
K517_Oth	ACTTAGCA	TTCAGCGA
K592_Oth	ACTTAGCA	AAGCCTAG
K592_Fl	ACTTAGCA	GAGATCGA
K517_Fl	ACTTAGCA	TCCACGTT
K439_Bod	ACTTAGCA	TAAGAGTC
B4	ACTTAGCA	TACACAGT
A4	AACTGTTC	GCAGTATC
H5	AACTGTTC	ATCACAGC
G5	AACTGTTC	AAGCTCCA
K455_Bod	AACTGTTC	TCGCGTAA
K317_Det	AACTGTTC	CCTTATCG
K317_Hyp	AACTGTTC	GCATGACA
K317_Oth	AACTGTTC	AGCATGTG
K517_Bod	AACTGTTC	CATTAAGG
F5	CATCTTGA	ACCTGTCA
E5	CATCTTGA	TACAGCCT
D5	CATCTTGA	TTCAGCGA
K129_Bod	CATCTTGA	AAGCCTAG
K317_Bod	CATCTTGA	GAGATCGA
K770_Det	CATCTTGA	TCCACGTT
K770_Hyp	CATCTTGA	TAAGAGTC
K733_Bod	CATCTTGA	TACACAGT
C5	AGCTAGTA	ATCACAGC
B5	AGCTAGTA	AAGCTCCA
A5	AGCTAGTA	TCGCGTAA
K232_Bod	AGCTAGTA	CCTTATCG
K770_Oth	AGCTAGTA	GCATGACA
K770_Fl	AGCTAGTA	AGCATGTG
K592_Bod	AGCTAGTA	CATTAAGG
K770_Bod	AGCTAGTA	CAAGCTAT
H6	TTACCTGA	TACAGCCT
G6	TTACCTGA	TTCAGCGA
K439_Laub	TTACCTGA	AAGCCTAG
K455_Laub	TTACCTGA	GAGATCGA
K733_Det	TTACCTGA	TCCACGTT
K733_Hyp	TTACCTGA	TAAGAGTC
K733_Oth	TTACCTGA	TACACAGT
F6	TATACGAG	AAGCTCCA
E6	TATACGAG	TCGCGTAA
K517_Laub	TATACGAG	CCTTATCG
K129_Laub	TATACGAG	GCATGACA
K317_Laub	TATACGAG	AGCATGTG
K129_Det	TATACGAG	CATTAAGG
K129_Hyp	TATACGAG	CAAGCTAT
D6	TATCAGTC	TACAGCCT
C6	TATCAGTC	TTCAGCGA
B6	TATCAGTC	AAGCCTAG
K733_Laub	TATCAGTC	GAGATCGA
K232_Laub	TATCAGTC	TCCACGTT
K129_Oth	TATCAGTC	TAAGAGTC
K129_Fl	TATCAGTC	TACACAGT
A6	TGACTTAG	AAGCTCCA
B7	TGACTTAG	TCGCGTAA
A7	TGACTTAG	CCTTATCG
K592_Laub	TGACTTAG	GCATGACA
K770_Laub	TGACTTAG	AGCATGTG
K317_Fl	TGACTTAG	CATTAAGG
K733_Fl	TGACTTAG	CAAGCTAT
Mock	TGTCAACA	TGCAGTAA
unused001	GCTTCTAG	ACCTGTCA
unused002	GCTTCTAG	TACAGCCT
unused003	GCTTCTAG	TTCAGCGA
unused004	GCTTCTAG	AAGCCTAG
unused005	GCTTCTAG	GAGATCGA
unused006	GCTTCTAG	TCCACGTT
unused007	GCTTCTAG	TAAGAGTC
unused008	GCTTCTAG	CATTAAGG
unused009	GCTTCTAG	TACACAGT
unused010	GCTTCTAG	CAAGCTAT
unused011	GCTTCTAG	TGCAGTAA
unused012	TAGCTCTG	GCAGTATC
unused013	TAGCTCTG	ATCACAGC
unused014	TAGCTCTG	AAGCTCCA
unused015	TAGCTCTG	TCGCGTAA
unused016	TAGCTCTG	CCTTATCG
unused017	TAGCTCTG	GCATGACA
unused018	TAGCTCTG	AGCATGTG
unused019	TAGCTCTG	CATTAAGG
unused020	TAGCTCTG	TACACAGT
unused021	TAGCTCTG	CAAGCTAT
unused022	TAGCTCTG	TGCAGTAA
unused023	GGTACTCA	ACCTGTCA
unused024	GGTACTCA	TACAGCCT
unused025	GGTACTCA	TTCAGCGA
unused026	GGTACTCA	AAGCCTAG
unused027	GGTACTCA	GAGATCGA
unused028	GGTACTCA	TCCACGTT
unused029	GGTACTCA	TAAGAGTC
unused030	GGTACTCA	TACACAGT
unused031	GGTACTCA	CAAGCTAT
unused032	GGTACTCA	TGCAGTAA
unused033	TGTAGGTC	GCAGTATC
unused034	TGTAGGTC	ATCACAGC
unused035	TGTAGGTC	AAGCTCCA
unused036	TGTAGGTC	TCGCGTAA
unused037	TGTAGGTC	CCTTATCG
unused038	TGTAGGTC	GCATGACA
unused039	TGTAGGTC	AGCATGTG
unused040	TGTAGGTC	CATTAAGG
unused041	TGTAGGTC	CAAGCTAT
unused042	TGTAGGTC	TGCAGTAA
unused043	TGCAACCA	ACCTGTCA
unused044	TGCAACCA	TACAGCCT
unused045	TGCAACCA	TTCAGCGA
unused046	TGCAACCA	AAGCCTAG
unused047	TGCAACCA	GAGATCGA
unused048	TGCAACCA	TCCACGTT
unused049	TGCAACCA	TAAGAGTC
unused050	TGCAACCA	TACACAGT
unused051	TGCAACCA	CAAGCTAT
unused052	TGCAACCA	TGCAGTAA
unused053	CAATGCGA	GCAGTATC
unused054	CAATGCGA	ATCACAGC
unused055	CAATGCGA	AAGCTCCA
unused056	CAATGCGA	TCGCGTAA
unused057	CAATGCGA	CCTTATCG
unused058	CAATGCGA	GCATGACA
unused059	CAATGCGA	AGCATGTG
unused060	CAATGCGA	CATTAAGG
unused061	CAATGCGA	CAAGCTAT
unused062	CAATGCGA	TGCAGTAA
unused063	GCTATTGC	ACCTGTCA
unused064	GCTATTGC	TACAGCCT
unused065	GCTATTGC	TTCAGCGA
unused066	GCTATTGC	AAGCCTAG
unused067	GCTATTGC	GAGATCGA
unused068	GCTATTGC	TCCACGTT
unused069	GCTATTGC	TAAGAGTC
unused070	GCTATTGC	TACACAGT
unused071	GCTATTGC	CAAGCTAT
unused072	GCTATTGC	TGCAGTAA
unused073	AGTAACGG	GCAGTATC
unused074	AGTAACGG	ATCACAGC
unused075	AGTAACGG	AAGCTCCA
unused076	AGTAACGG	TCGCGTAA
unused077	AGTAACGG	CCTTATCG
unused078	AGTAACGG	GCATGACA
unused079	AGTAACGG	AGCATGTG
unused080	AGTAACGG	CATTAAGG
unused081	AGTAACGG	CAAGCTAT
unused082	AGTAACGG	TGCAGTAA
unused083	ACTTCTGA	ACCTGTCA
unused084	ACTTCTGA	TACAGCCT
unused085	ACTTCTGA	TTCAGCGA
unused086	ACTTCTGA	AAGCCTAG
unused087	ACTTCTGA	GAGATCGA
unused088	ACTTCTGA	TCCACGTT
unused089	ACTTCTGA	TAAGAGTC
unused090	ACTTCTGA	TACACAGT
unused091	ACTTCTGA	CAAGCTAT
unused092	ACTTCTGA	TGCAGTAA
unused093	ACTTAGCA	GCAGTATC
unused094	ACTTAGCA	ATCACAGC
unused095	ACTTAGCA	AAGCTCCA
unused096	ACTTAGCA	TCGCGTAA
unused097	ACTTAGCA	CCTTATCG
unused098	ACTTAGCA	GCATGACA
unused099	ACTTAGCA	AGCATGTG
unused100	ACTTAGCA	CATTAAGG
unused101	ACTTAGCA	CAAGCTAT
unused102	ACTTAGCA	TGCAGTAA
unused103	AACTGTTC	ACCTGTCA
unused104	AACTGTTC	TACAGCCT
unused105	AACTGTTC	TTCAGCGA
unused106	AACTGTTC	AAGCCTAG
unused107	AACTGTTC	GAGATCGA
unused108	AACTGTTC	TCCACGTT
unused109	AACTGTTC	TAAGAGTC
unused110	AACTGTTC	TACACAGT
unused111	AACTGTTC	CAAGCTAT
unused112	AACTGTTC	TGCAGTAA
unused113	CATCTTGA	GCAGTATC
unused114	CATCTTGA	ATCACAGC
unused115	CATCTTGA	AAGCTCCA
unused116	CATCTTGA	TCGCGTAA
unused117	CATCTTGA	CCTTATCG
unused118	CATCTTGA	GCATGACA
unused119	CATCTTGA	AGCATGTG
unused120	CATCTTGA	CATTAAGG
unused121	CATCTTGA	CAAGCTAT
unused122	CATCTTGA	TGCAGTAA
unused123	AGCTAGTA	GCAGTATC
unused124	AGCTAGTA	ACCTGTCA
unused125	AGCTAGTA	TACAGCCT
unused126	AGCTAGTA	TTCAGCGA
unused127	AGCTAGTA	AAGCCTAG
unused128	AGCTAGTA	GAGATCGA
unused129	AGCTAGTA	TCCACGTT
unused130	AGCTAGTA	TAAGAGTC
unused131	AGCTAGTA	TACACAGT
unused132	AGCTAGTA	TGCAGTAA
unused133	TTACCTGA	GCAGTATC
unused134	TTACCTGA	ACCTGTCA
unused135	TTACCTGA	ATCACAGC
unused136	TTACCTGA	AAGCTCCA
unused137	TTACCTGA	TCGCGTAA
unused138	TTACCTGA	CCTTATCG
unused139	TTACCTGA	GCATGACA
unused140	TTACCTGA	AGCATGTG
unused141	TTACCTGA	CATTAAGG
unused142	TTACCTGA	CAAGCTAT
unused143	TTACCTGA	TGCAGTAA
unused144	TATCAGTC	GCAGTATC
unused145	TATCAGTC	ACCTGTCA
unused146	TATCAGTC	ATCACAGC
unused147	TATCAGTC	TACAGCCT
unused148	TATCAGTC	TTCAGCGA
unused149	TATCAGTC	AAGCCTAG
unused150	TATCAGTC	GAGATCGA
unused151	TATCAGTC	TCCACGTT
unused152	TATCAGTC	TAAGAGTC
unused153	TATCAGTC	TACACAGT
unused154	TATCAGTC	TGCAGTAA
unused155	TATCAGTC	GCAGTATC
unused156	TATCAGTC	ACCTGTCA
unused157	TATCAGTC	ATCACAGC
unused158	TATCAGTC	AAGCTCCA
unused159	TATCAGTC	TCGCGTAA
unused160	TATCAGTC	CCTTATCG
unused161	TATCAGTC	GCATGACA
unused162	TATCAGTC	AGCATGTG
unused163	TATCAGTC	CATTAAGG
unused164	TATCAGTC	CAAGCTAT
unused165	TATCAGTC	TGCAGTAA
unused166	TGACTTAG	GCAGTATC
unused167	TGACTTAG	ACCTGTCA
unused168	TGACTTAG	ATCACAGC
unused169	TGACTTAG	TACAGCCT
unused170	TGACTTAG	TTCAGCGA
unused171	TGACTTAG	AAGCCTAG
unused172	TGACTTAG	GAGATCGA
unused173	TGACTTAG	TCCACGTT
unused174	TGACTTAG	TAAGAGTC
unused175	TGACTTAG	TACACAGT
unused176	TGACTTAG	TGCAGTAA
unused177	TGTCAACA	GCAGTATC
unused178	TGTCAACA	ACCTGTCA
unused179	TGTCAACA	ATCACAGC
unused180	TGTCAACA	TACAGCCT
unused181	TGTCAACA	AAGCTCCA
unused182	TGTCAACA	TTCAGCGA
unused183	TGTCAACA	TCGCGTAA
unused184	TGTCAACA	AAGCCTAG
unused185	TGTCAACA	CCTTATCG
unused186	TGTCAACA	GAGATCGA
unused187	TGTCAACA	GCATGACA
unused188	TGTCAACA	TCCACGTT
unused189	TGTCAACA	AGCATGTG
unused190	TGTCAACA	TAAGAGTC
unused191	TGTCAACA	CATTAAGG
unused192	TGTCAACA	TACACAGT
unused193	TGTCAACA	CAAGCTAT


